abled_to_disabled_ratio,morality_mean,morality_std,voting_method,num_batches,avg_evac_time,total_evac_time,num_agents,num_agents_left,evac_times
0.95,0.4,0.1,plurality,1,37.24899598393574,96.0,250,0.0,"[[0, 1, 1, 1, 2, 2, 2, 2, 2, 4, 4, 4, 4, 5, 5, 6, 6, 7, 8, 8, 8, 8, 9, 9, 9, 9, 10, 10, 10, 10, 11, 11, 11, 11, 12, 12, 12, 12, 12, 13, 13, 14, 14, 14, 14, 15, 15, 15, 15, 16, 16, 16, 16, 17, 17, 17, 18, 18, 18, 18, 18, 18, 18, 19, 19, 19, 19, 20, 20, 20, 20, 20, 21, 21, 21, 22, 22, 22, 22, 23, 23, 23, 23, 24, 24, 24, 24, 25, 25, 25, 25, 25, 26, 26, 26, 27, 27, 27, 27, 27, 28, 28, 29, 29, 29, 29, 29, 29, 30, 30, 31, 31, 31, 31, 32, 32, 32, 32, 33, 33, 33, 33, 33, 34, 34, 35, 35, 35, 36, 36, 36, 37, 37, 37, 38, 38, 38, 39, 39, 39, 39, 39, 39, 40, 40, 40, 41, 41, 42, 42, 42, 42, 42, 43, 43, 43, 43, 44, 44, 44, 44, 45, 45, 45, 45, 45, 45, 46, 46, 46, 47, 47, 47, 47, 47, 47, 47, 48, 48, 48, 48, 49, 49, 49, 50, 50, 50, 51, 52, 53, 54, 54, 54, 56, 56, 56, 56, 56, 56, 57, 58, 58, 58, 58, 59, 59, 60, 60, 60, 61, 61, 63, 63, 64, 64, 66, 66, 66, 67, 68, 68, 69, 70, 71, 73, 73, 76, 78, 79, 80, 80, 81, 81, 82, 82, 83, 84, 84, 84, 86, 87, 89, 90, 91, 92, 92, 93, 93, 95]]"
0.95,0.4,0.2,plurality,1,37.975903614457835,97.0,250,0.0,"[[1, 1, 1, 2, 3, 3, 3, 3, 4, 4, 5, 5, 5, 6, 7, 8, 8, 8, 8, 8, 9, 9, 10, 10, 11, 11, 11, 11, 12, 12, 13, 13, 13, 13, 14, 14, 14, 14, 14, 15, 15, 15, 16, 16, 16, 17, 17, 17, 17, 17, 17, 17, 17, 18, 18, 18, 19, 19, 19, 19, 19, 20, 20, 20, 20, 20, 21, 21, 22, 22, 22, 22, 22, 23, 23, 23, 23, 23, 24, 24, 24, 24, 25, 25, 25, 26, 26, 26, 26, 26, 27, 27, 27, 28, 28, 28, 28, 28, 28, 29, 29, 29, 29, 30, 30, 31, 31, 31, 31, 31, 32, 32, 33, 33, 33, 33, 33, 33, 34, 34, 35, 35, 35, 36, 36, 36, 36, 36, 37, 38, 38, 38, 38, 39, 39, 40, 40, 40, 41, 41, 41, 42, 43, 43, 43, 43, 44, 44, 44, 45, 45, 45, 46, 46, 46, 46, 47, 47, 47, 47, 47, 47, 48, 49, 49, 49, 49, 49, 49, 49, 50, 51, 51, 51, 51, 51, 52, 52, 52, 52, 52, 53, 53, 54, 54, 54, 54, 55, 55, 55, 55, 56, 56, 56, 56, 56, 56, 56, 57, 58, 58, 58, 58, 59, 59, 60, 61, 61, 61, 62, 62, 62, 63, 63, 64, 64, 65, 65, 65, 67, 67, 68, 69, 69, 69, 69, 70, 71, 71, 71, 71, 72, 73, 73, 73, 73, 74, 75, 76, 76, 76, 77, 82, 84, 86, 87, 88, 89, 96]]"
0.95,0.4,0.3,plurality,1,34.71774193548387,85.0,250,1.0,"[[0, 0, 0, 1, 1, 1, 2, 2, 2, 2, 3, 3, 3, 3, 3, 5, 5, 5, 6, 8, 8, 9, 10, 10, 10, 11, 11, 11, 11, 11, 12, 12, 12, 12, 13, 13, 14, 14, 14, 14, 14, 14, 14, 14, 14, 15, 15, 16, 16, 16, 16, 17, 17, 17, 17, 18, 18, 18, 19, 19, 19, 19, 20, 20, 20, 20, 20, 21, 21, 21, 21, 22, 22, 22, 22, 23, 23, 23, 23, 23, 23, 24, 24, 24, 24, 24, 24, 25, 25, 25, 25, 25, 26, 26, 27, 27, 27, 27, 27, 27, 27, 28, 28, 28, 28, 28, 29, 29, 29, 30, 30, 30, 30, 30, 30, 31, 31, 31, 31, 31, 32, 32, 32, 32, 32, 33, 33, 33, 33, 33, 34, 34, 34, 35, 35, 35, 35, 36, 36, 36, 36, 36, 36, 37, 37, 37, 38, 38, 38, 38, 39, 39, 39, 39, 39, 39, 39, 40, 40, 40, 41, 41, 41, 41, 41, 42, 42, 42, 42, 43, 43, 43, 44, 44, 44, 45, 45, 45, 45, 45, 45, 46, 46, 47, 47, 47, 48, 48, 49, 49, 49, 49, 49, 50, 51, 51, 52, 52, 52, 52, 53, 54, 54, 54, 55, 56, 56, 57, 57, 58, 59, 59, 59, 61, 61, 61, 62, 62, 63, 63, 64, 64, 65, 66, 66, 67, 67, 68, 68, 69, 69, 69, 70, 70, 71, 72, 75, 76, 77, 78, 78, 79, 79, 80, 82, 82, 83, 84]]"
0.95,0.5,0.1,plurality,1,33.65461847389558,91.0,250,0.0,"[[0, 1, 1, 2, 2, 2, 2, 2, 2, 2, 2, 3, 3, 3, 4, 4, 5, 5, 5, 6, 6, 6, 7, 7, 8, 8, 9, 9, 9, 10, 10, 10, 10, 10, 11, 11, 11, 11, 11, 12, 12, 12, 12, 12, 12, 12, 13, 13, 13, 13, 13, 14, 14, 14, 14, 14, 14, 14, 15, 15, 15, 15, 15, 15, 16, 16, 16, 17, 17, 17, 17, 17, 18, 18, 18, 18, 18, 19, 19, 19, 19, 19, 20, 20, 20, 20, 20, 21, 21, 21, 21, 21, 22, 22, 22, 23, 23, 23, 23, 23, 23, 24, 24, 24, 24, 25, 25, 25, 25, 25, 26, 26, 26, 27, 27, 27, 27, 28, 28, 28, 28, 29, 29, 29, 29, 30, 30, 30, 30, 30, 31, 31, 31, 31, 32, 32, 32, 32, 32, 33, 33, 33, 33, 34, 34, 34, 34, 34, 35, 35, 35, 35, 35, 36, 36, 37, 37, 37, 37, 38, 38, 38, 38, 38, 39, 40, 40, 40, 40, 41, 41, 41, 42, 42, 43, 43, 43, 44, 44, 44, 45, 46, 47, 47, 47, 48, 48, 48, 49, 50, 50, 51, 51, 52, 53, 53, 54, 54, 55, 55, 56, 56, 57, 57, 57, 58, 59, 59, 60, 61, 61, 62, 62, 62, 63, 64, 64, 64, 65, 65, 66, 67, 67, 69, 70, 71, 72, 73, 74, 74, 75, 76, 76, 76, 78, 78, 79, 81, 81, 82, 82, 83, 84, 84, 84, 84, 86, 86, 90]]"
0.95,0.5,0.2,plurality,1,37.84738955823293,113.0,250,0.0,"[[0, 1, 1, 1, 1, 1, 2, 2, 2, 2, 3, 4, 4, 4, 4, 5, 5, 5, 6, 6, 7, 8, 8, 8, 9, 9, 9, 10, 10, 10, 10, 11, 11, 11, 11, 11, 12, 12, 12, 12, 13, 13, 13, 14, 14, 14, 14, 15, 15, 15, 15, 15, 16, 16, 16, 16, 16, 17, 17, 17, 18, 18, 18, 18, 18, 18, 18, 19, 19, 20, 20, 20, 20, 21, 21, 21, 21, 22, 22, 22, 22, 22, 23, 23, 23, 23, 23, 23, 24, 24, 24, 24, 25, 25, 25, 25, 25, 25, 26, 26, 26, 26, 27, 27, 27, 27, 27, 27, 28, 28, 28, 28, 29, 29, 29, 30, 30, 30, 30, 31, 31, 31, 31, 31, 31, 32, 32, 32, 32, 33, 33, 33, 33, 33, 34, 34, 34, 34, 34, 35, 35, 35, 36, 36, 36, 36, 36, 37, 37, 37, 37, 37, 38, 38, 38, 38, 38, 39, 39, 40, 40, 40, 40, 40, 41, 41, 42, 42, 43, 43, 43, 44, 44, 44, 45, 46, 46, 47, 48, 48, 48, 49, 49, 49, 49, 50, 51, 51, 52, 53, 54, 55, 56, 56, 57, 57, 58, 59, 59, 60, 62, 62, 63, 64, 64, 65, 66, 67, 68, 68, 68, 71, 71, 72, 73, 74, 76, 76, 77, 78, 78, 79, 80, 81, 81, 82, 82, 83, 83, 85, 86, 88, 88, 91, 93, 94, 96, 97, 99, 99, 101, 102, 104, 105, 107, 108, 110, 111, 112]]"
0.95,0.5,0.3,plurality,1,34.11693548387097,83.0,250,1.0,"[[0, 1, 1, 1, 2, 2, 2, 2, 2, 3, 3, 3, 3, 4, 4, 5, 6, 6, 6, 7, 7, 7, 9, 9, 9, 10, 10, 10, 11, 11, 12, 12, 12, 12, 12, 13, 13, 13, 14, 14, 14, 14, 14, 15, 15, 15, 15, 16, 16, 16, 17, 17, 18, 18, 18, 18, 18, 18, 19, 19, 19, 20, 20, 20, 20, 20, 20, 20, 20, 21, 21, 21, 21, 22, 22, 22, 23, 23, 23, 23, 23, 23, 23, 24, 24, 24, 24, 24, 25, 25, 25, 26, 26, 26, 26, 26, 26, 26, 27, 27, 27, 28, 28, 28, 28, 28, 28, 28, 29, 29, 29, 29, 29, 29, 29, 29, 30, 30, 31, 31, 31, 31, 31, 31, 32, 32, 32, 32, 32, 32, 33, 33, 33, 33, 33, 34, 34, 34, 34, 34, 34, 35, 35, 35, 35, 35, 36, 36, 36, 36, 36, 37, 37, 37, 37, 38, 38, 38, 39, 39, 39, 39, 40, 40, 40, 40, 40, 40, 41, 41, 42, 42, 42, 42, 43, 43, 43, 43, 44, 45, 45, 45, 45, 45, 46, 46, 47, 47, 47, 48, 48, 48, 49, 49, 49, 49, 50, 51, 51, 51, 52, 54, 54, 55, 55, 56, 57, 57, 58, 58, 59, 59, 60, 60, 61, 61, 62, 62, 63, 63, 64, 65, 66, 66, 66, 67, 67, 67, 69, 69, 70, 70, 70, 72, 72, 73, 74, 75, 75, 75, 75, 76, 77, 78, 79, 79, 81, 82]]"
0.95,0.6,0.1,plurality,1,36.875,94.0,250,1.0,"[[0, 0, 1, 1, 1, 2, 3, 3, 3, 3, 3, 3, 4, 4, 5, 5, 5, 6, 7, 7, 8, 9, 9, 9, 10, 10, 10, 10, 10, 11, 11, 11, 11, 12, 12, 12, 12, 13, 13, 13, 14, 14, 14, 14, 15, 15, 16, 16, 16, 16, 17, 17, 17, 17, 18, 18, 18, 19, 19, 19, 19, 19, 20, 20, 20, 21, 21, 21, 21, 22, 22, 22, 22, 23, 23, 23, 24, 24, 24, 25, 25, 25, 25, 26, 26, 26, 26, 27, 27, 28, 28, 28, 28, 28, 28, 29, 29, 30, 30, 30, 30, 30, 30, 31, 31, 32, 32, 32, 33, 33, 33, 33, 33, 34, 34, 34, 35, 35, 35, 35, 35, 36, 36, 36, 37, 37, 37, 37, 38, 38, 38, 38, 38, 38, 39, 39, 39, 39, 39, 39, 40, 40, 40, 41, 41, 41, 41, 42, 42, 42, 43, 43, 43, 43, 43, 44, 44, 45, 45, 45, 45, 46, 46, 46, 47, 47, 47, 47, 47, 48, 48, 48, 49, 49, 49, 49, 49, 49, 50, 50, 50, 51, 51, 51, 51, 52, 52, 53, 53, 53, 54, 54, 54, 54, 54, 55, 55, 55, 56, 56, 56, 56, 57, 57, 58, 58, 58, 59, 59, 59, 60, 60, 60, 61, 61, 61, 61, 61, 62, 62, 63, 63, 64, 64, 65, 65, 65, 66, 66, 67, 67, 67, 69, 70, 72, 73, 74, 75, 77, 82, 84, 86, 88, 89, 90, 91, 92, 93]]"
0.95,0.6,0.2,plurality,1,34.65863453815261,79.0,250,0.0,"[[1, 2, 2, 2, 2, 3, 3, 3, 4, 4, 4, 4, 5, 5, 6, 6, 7, 7, 7, 7, 8, 8, 8, 9, 9, 10, 10, 10, 10, 11, 11, 11, 11, 12, 12, 12, 13, 13, 13, 14, 14, 14, 14, 15, 16, 16, 16, 16, 17, 17, 17, 17, 17, 18, 18, 18, 18, 18, 18, 19, 19, 19, 19, 19, 19, 19, 20, 20, 20, 20, 21, 21, 21, 21, 21, 21, 22, 22, 22, 22, 22, 23, 23, 23, 24, 24, 24, 24, 24, 24, 25, 25, 25, 25, 25, 26, 26, 26, 27, 27, 27, 27, 27, 28, 28, 28, 28, 29, 29, 29, 30, 30, 30, 30, 31, 31, 31, 31, 31, 31, 32, 32, 33, 33, 33, 33, 34, 34, 34, 34, 34, 34, 35, 35, 35, 36, 36, 36, 36, 37, 37, 37, 37, 38, 38, 38, 38, 38, 39, 40, 40, 40, 40, 40, 41, 41, 41, 41, 41, 42, 42, 42, 42, 43, 43, 43, 44, 44, 44, 44, 44, 44, 45, 45, 46, 46, 46, 46, 47, 47, 47, 48, 48, 48, 48, 49, 49, 50, 50, 50, 50, 51, 51, 52, 52, 53, 53, 54, 54, 54, 55, 55, 55, 56, 57, 57, 57, 57, 58, 58, 59, 59, 59, 60, 60, 60, 60, 61, 61, 61, 61, 62, 63, 63, 63, 63, 64, 64, 65, 65, 65, 65, 66, 67, 67, 68, 68, 68, 70, 70, 70, 72, 73, 74, 74, 75, 76, 77, 78]]"
0.95,0.6,0.3,plurality,1,39.40160642570281,93.0,250,0.0,"[[0, 0, 1, 1, 1, 1, 2, 2, 2, 2, 3, 4, 4, 4, 4, 5, 6, 6, 6, 6, 7, 8, 8, 8, 9, 9, 9, 9, 9, 10, 10, 10, 10, 12, 12, 12, 12, 12, 13, 13, 14, 14, 15, 15, 15, 15, 15, 15, 15, 15, 16, 16, 16, 16, 17, 17, 17, 17, 17, 18, 18, 18, 18, 19, 20, 20, 21, 22, 22, 23, 23, 23, 23, 23, 23, 24, 25, 25, 25, 25, 26, 27, 27, 27, 27, 27, 27, 28, 29, 29, 29, 29, 29, 30, 30, 30, 30, 31, 31, 31, 32, 32, 32, 32, 33, 33, 34, 34, 34, 35, 35, 36, 36, 36, 36, 37, 37, 37, 37, 37, 37, 38, 38, 38, 39, 39, 39, 39, 40, 40, 40, 40, 40, 41, 41, 41, 41, 42, 42, 42, 43, 43, 43, 43, 44, 44, 44, 44, 44, 44, 45, 45, 45, 46, 46, 46, 46, 47, 47, 47, 47, 48, 48, 49, 49, 50, 50, 50, 50, 52, 52, 52, 52, 52, 53, 53, 54, 54, 54, 55, 55, 55, 56, 56, 56, 57, 57, 57, 58, 59, 59, 59, 60, 60, 60, 61, 62, 62, 62, 63, 63, 64, 64, 64, 65, 65, 65, 66, 66, 67, 67, 67, 67, 68, 68, 68, 69, 69, 69, 70, 70, 70, 71, 72, 72, 72, 74, 75, 75, 76, 76, 76, 77, 78, 79, 79, 80, 81, 81, 83, 83, 85, 85, 85, 87, 88, 90, 91, 92]]"
0.9,0.4,0.1,plurality,1,40.08433734939759,102.0,250,0.0,"[[1, 2, 2, 2, 2, 3, 3, 4, 4, 4, 4, 6, 6, 6, 6, 7, 9, 9, 9, 10, 10, 10, 10, 11, 12, 12, 12, 12, 12, 12, 13, 13, 13, 13, 14, 14, 14, 15, 15, 15, 15, 16, 16, 16, 16, 17, 17, 17, 17, 18, 18, 18, 18, 19, 19, 19, 19, 19, 20, 20, 20, 20, 20, 21, 21, 21, 21, 21, 22, 22, 22, 23, 23, 23, 24, 24, 24, 24, 25, 25, 25, 25, 25, 25, 26, 27, 27, 27, 27, 27, 27, 27, 28, 28, 29, 29, 29, 29, 30, 30, 30, 30, 30, 31, 31, 31, 31, 31, 31, 32, 32, 32, 33, 33, 33, 33, 33, 34, 34, 34, 35, 35, 35, 36, 36, 37, 37, 37, 38, 39, 39, 40, 40, 40, 40, 40, 40, 41, 42, 42, 42, 42, 42, 43, 43, 43, 43, 44, 44, 44, 45, 45, 45, 45, 46, 46, 47, 48, 48, 49, 49, 49, 49, 50, 51, 51, 51, 51, 51, 52, 52, 52, 52, 53, 53, 54, 54, 54, 54, 55, 56, 56, 56, 57, 57, 57, 57, 58, 58, 59, 59, 59, 60, 60, 60, 61, 61, 61, 62, 62, 62, 63, 63, 63, 63, 64, 65, 65, 67, 67, 67, 67, 68, 68, 69, 69, 70, 70, 71, 71, 72, 73, 73, 73, 73, 75, 75, 75, 76, 76, 77, 78, 78, 80, 84, 85, 85, 87, 88, 90, 91, 93, 94, 95, 96, 96, 98, 99, 101]]"
0.9,0.4,0.2,plurality,1,39.86746987951807,106.0,250,0.0,"[[0, 0, 1, 1, 2, 2, 2, 3, 3, 3, 4, 5, 5, 6, 6, 7, 7, 7, 8, 8, 8, 9, 9, 9, 9, 10, 10, 10, 11, 11, 11, 11, 12, 12, 12, 13, 13, 13, 13, 14, 14, 14, 14, 14, 15, 15, 16, 16, 17, 17, 18, 18, 18, 18, 19, 19, 19, 19, 19, 20, 20, 20, 20, 20, 21, 21, 21, 21, 21, 21, 21, 22, 22, 22, 22, 23, 23, 23, 24, 24, 24, 24, 25, 25, 25, 25, 26, 26, 26, 27, 27, 27, 27, 27, 27, 27, 28, 28, 28, 28, 28, 28, 29, 29, 30, 30, 30, 30, 30, 30, 31, 31, 31, 31, 31, 32, 33, 33, 33, 33, 34, 34, 34, 34, 35, 35, 36, 36, 36, 36, 36, 37, 37, 38, 38, 38, 39, 39, 39, 39, 40, 40, 40, 42, 42, 42, 42, 43, 43, 43, 44, 44, 44, 44, 45, 45, 45, 45, 45, 46, 46, 46, 46, 47, 47, 48, 48, 48, 49, 49, 49, 50, 50, 50, 51, 51, 51, 51, 51, 52, 52, 52, 53, 53, 53, 55, 56, 56, 56, 57, 57, 58, 59, 61, 61, 62, 62, 63, 64, 64, 65, 65, 67, 67, 67, 68, 69, 70, 70, 70, 71, 72, 73, 74, 75, 75, 75, 76, 76, 77, 77, 78, 79, 80, 81, 81, 82, 82, 83, 84, 84, 85, 86, 86, 86, 89, 90, 90, 90, 92, 93, 93, 94, 96, 97, 100, 100, 103, 105]]"
0.9,0.4,0.3,plurality,1,44.59109311740891,134.0,250,2.0,"[[0, 1, 2, 2, 2, 2, 4, 4, 5, 5, 6, 7, 7, 7, 8, 8, 9, 9, 9, 10, 10, 10, 11, 11, 11, 12, 12, 12, 12, 13, 13, 13, 13, 13, 13, 13, 14, 14, 14, 14, 15, 15, 15, 15, 16, 16, 16, 16, 16, 17, 17, 17, 17, 17, 18, 19, 19, 19, 20, 20, 20, 20, 22, 22, 22, 22, 22, 23, 23, 23, 23, 23, 24, 24, 25, 25, 25, 25, 25, 25, 26, 27, 27, 27, 27, 28, 28, 28, 29, 30, 30, 30, 30, 31, 31, 31, 32, 32, 33, 33, 33, 33, 33, 33, 34, 34, 34, 34, 35, 35, 35, 35, 35, 35, 35, 36, 36, 36, 36, 36, 36, 37, 37, 38, 38, 38, 38, 38, 38, 39, 39, 40, 40, 40, 40, 41, 41, 41, 42, 42, 42, 43, 44, 44, 45, 45, 45, 46, 46, 46, 46, 47, 47, 47, 48, 48, 49, 49, 49, 50, 51, 51, 52, 52, 52, 53, 53, 54, 54, 55, 55, 56, 56, 56, 57, 57, 57, 57, 57, 57, 58, 59, 59, 59, 59, 60, 61, 61, 61, 62, 62, 63, 64, 64, 64, 65, 65, 66, 67, 67, 67, 68, 68, 69, 71, 73, 73, 75, 76, 76, 77, 77, 78, 81, 82, 84, 84, 87, 87, 90, 91, 92, 93, 95, 96, 98, 99, 101, 102, 105, 107, 108, 110, 111, 113, 113, 115, 116, 118, 119, 121, 121, 123, 124, 129, 130, 133]]"
0.9,0.5,0.1,plurality,1,41.5863453815261,106.0,250,0.0,"[[1, 1, 2, 2, 2, 2, 5, 5, 7, 7, 8, 8, 8, 9, 9, 9, 9, 10, 11, 11, 11, 11, 11, 11, 11, 12, 13, 13, 13, 13, 14, 14, 14, 14, 14, 15, 15, 15, 16, 16, 17, 17, 17, 17, 17, 17, 18, 18, 18, 18, 18, 19, 19, 19, 19, 20, 20, 20, 20, 20, 20, 20, 21, 21, 21, 21, 21, 22, 22, 22, 23, 23, 23, 23, 24, 24, 24, 24, 24, 25, 25, 26, 26, 26, 26, 26, 27, 27, 27, 28, 28, 29, 29, 29, 29, 29, 30, 30, 31, 31, 31, 31, 31, 32, 32, 32, 32, 33, 33, 33, 33, 34, 34, 35, 35, 35, 35, 35, 35, 36, 36, 36, 36, 37, 38, 38, 38, 38, 38, 38, 39, 39, 39, 39, 40, 41, 41, 42, 42, 42, 42, 43, 43, 44, 44, 44, 44, 45, 45, 45, 46, 46, 47, 47, 47, 48, 48, 49, 49, 50, 50, 51, 51, 51, 52, 52, 52, 53, 53, 53, 54, 54, 55, 55, 55, 55, 56, 57, 57, 58, 58, 58, 59, 59, 60, 60, 61, 61, 61, 62, 62, 62, 62, 62, 63, 63, 63, 64, 65, 65, 66, 66, 67, 67, 67, 68, 68, 69, 69, 69, 69, 71, 71, 71, 71, 71, 72, 72, 73, 73, 73, 73, 74, 74, 74, 76, 77, 79, 79, 80, 82, 83, 85, 86, 87, 89, 90, 91, 93, 93, 94, 96, 97, 98, 99, 101, 102, 104, 105]]"
0.9,0.5,0.2,plurality,1,44.87550200803213,117.0,250,0.0,"[[1, 2, 2, 2, 2, 2, 2, 3, 3, 4, 4, 4, 5, 5, 5, 5, 6, 6, 7, 8, 8, 8, 8, 9, 9, 9, 10, 10, 10, 10, 11, 11, 11, 12, 12, 13, 13, 13, 14, 14, 15, 15, 15, 15, 16, 16, 16, 16, 16, 17, 17, 17, 17, 18, 18, 18, 18, 19, 19, 20, 20, 20, 20, 21, 21, 21, 21, 22, 22, 22, 23, 23, 23, 23, 24, 24, 24, 25, 25, 26, 26, 26, 27, 27, 28, 29, 29, 30, 30, 30, 30, 31, 31, 32, 32, 33, 33, 34, 34, 35, 35, 35, 35, 36, 36, 37, 37, 37, 38, 38, 38, 39, 39, 39, 39, 40, 40, 40, 41, 41, 41, 41, 41, 41, 41, 42, 42, 42, 43, 43, 43, 43, 43, 43, 44, 44, 44, 44, 45, 46, 46, 46, 46, 46, 47, 47, 48, 48, 49, 49, 49, 50, 50, 50, 51, 51, 52, 52, 52, 52, 52, 53, 53, 53, 54, 54, 55, 56, 56, 56, 56, 57, 57, 58, 58, 59, 60, 61, 61, 61, 62, 62, 62, 64, 64, 65, 66, 66, 67, 67, 68, 68, 70, 70, 70, 71, 71, 72, 72, 72, 73, 73, 75, 76, 76, 78, 78, 78, 78, 79, 79, 79, 80, 82, 82, 82, 83, 83, 84, 84, 86, 87, 87, 88, 88, 89, 90, 90, 91, 91, 92, 93, 95, 96, 97, 97, 97, 99, 100, 100, 102, 103, 105, 105, 106, 111, 112, 115, 116]]"
0.9,0.5,0.3,plurality,1,37.86746987951807,82.0,250,0.0,"[[1, 2, 2, 2, 3, 3, 3, 3, 4, 4, 5, 6, 6, 6, 7, 8, 8, 8, 9, 9, 9, 9, 10, 10, 10, 10, 10, 10, 11, 11, 12, 12, 12, 12, 13, 13, 13, 13, 13, 14, 15, 15, 15, 16, 16, 16, 16, 16, 17, 17, 17, 17, 18, 18, 18, 18, 18, 19, 19, 20, 20, 21, 21, 21, 22, 22, 22, 22, 23, 23, 23, 24, 24, 25, 25, 25, 25, 26, 26, 26, 26, 26, 26, 27, 27, 27, 28, 28, 28, 29, 29, 29, 29, 30, 30, 30, 30, 31, 31, 31, 31, 31, 31, 32, 32, 32, 33, 33, 33, 33, 33, 34, 34, 34, 35, 35, 35, 35, 35, 36, 36, 36, 36, 36, 37, 37, 37, 38, 38, 39, 39, 40, 40, 40, 40, 41, 41, 41, 41, 41, 42, 43, 43, 43, 44, 44, 44, 44, 45, 45, 46, 46, 46, 47, 47, 47, 48, 48, 48, 48, 48, 49, 49, 49, 50, 50, 50, 50, 50, 51, 51, 51, 51, 52, 52, 52, 52, 53, 53, 53, 53, 54, 54, 54, 54, 54, 55, 55, 55, 55, 55, 55, 55, 56, 56, 56, 57, 57, 57, 58, 58, 58, 58, 58, 58, 59, 59, 59, 60, 60, 60, 60, 60, 60, 61, 61, 61, 61, 62, 62, 63, 63, 64, 65, 65, 65, 67, 67, 67, 68, 68, 69, 70, 71, 71, 72, 72, 73, 74, 74, 74, 74, 75, 76, 76, 77, 79, 79, 81]]"
0.9,0.6,0.1,plurality,1,38.08467741935484,82.0,250,1.0,"[[1, 1, 1, 1, 2, 2, 2, 3, 3, 3, 5, 5, 5, 5, 6, 6, 7, 7, 7, 8, 8, 8, 9, 9, 9, 10, 10, 10, 10, 10, 11, 11, 11, 11, 11, 12, 12, 12, 13, 13, 13, 13, 13, 13, 14, 15, 15, 15, 15, 15, 15, 17, 17, 17, 17, 18, 18, 18, 19, 19, 20, 20, 20, 21, 21, 21, 22, 22, 22, 23, 23, 23, 23, 24, 24, 24, 25, 25, 25, 25, 26, 26, 26, 27, 27, 27, 28, 29, 29, 29, 29, 29, 29, 29, 30, 30, 31, 31, 31, 31, 32, 32, 32, 33, 33, 33, 33, 34, 34, 34, 35, 35, 36, 36, 36, 36, 36, 37, 37, 37, 37, 37, 38, 38, 39, 39, 39, 39, 39, 39, 40, 40, 40, 40, 41, 41, 41, 42, 42, 42, 42, 43, 43, 43, 44, 44, 44, 44, 44, 44, 45, 45, 45, 45, 46, 46, 46, 47, 47, 48, 49, 49, 49, 49, 49, 49, 49, 50, 50, 50, 50, 50, 50, 51, 51, 51, 52, 53, 53, 53, 54, 54, 54, 55, 55, 55, 55, 55, 56, 56, 56, 57, 57, 58, 58, 58, 59, 59, 59, 59, 60, 60, 60, 60, 60, 61, 61, 62, 62, 62, 63, 63, 63, 63, 64, 64, 66, 66, 66, 66, 66, 66, 67, 68, 68, 68, 68, 69, 70, 70, 70, 71, 72, 72, 73, 74, 75, 75, 75, 77, 77, 77, 78, 79, 79, 80, 80, 81]]"
0.9,0.6,0.2,plurality,1,41.566265060240966,121.0,250,0.0,"[[0, 1, 1, 2, 3, 3, 3, 5, 6, 6, 6, 6, 7, 7, 7, 7, 9, 9, 10, 10, 11, 11, 11, 11, 12, 12, 12, 12, 13, 13, 13, 13, 13, 14, 14, 14, 14, 14, 15, 15, 15, 15, 16, 16, 16, 16, 16, 16, 17, 17, 17, 17, 17, 17, 18, 18, 18, 19, 19, 19, 19, 19, 19, 20, 20, 20, 20, 20, 21, 21, 21, 21, 21, 22, 22, 22, 22, 22, 22, 23, 23, 23, 23, 23, 23, 24, 25, 25, 25, 25, 25, 26, 26, 26, 26, 26, 26, 27, 27, 27, 27, 28, 28, 28, 28, 29, 29, 30, 30, 30, 30, 31, 31, 31, 31, 32, 32, 32, 33, 33, 34, 34, 35, 35, 35, 36, 37, 37, 37, 38, 38, 38, 39, 39, 40, 40, 41, 41, 41, 41, 41, 42, 42, 43, 43, 43, 43, 43, 44, 44, 44, 44, 45, 46, 46, 46, 46, 46, 47, 47, 47, 48, 48, 48, 49, 50, 50, 50, 51, 51, 51, 52, 52, 53, 53, 53, 54, 54, 54, 55, 55, 55, 56, 56, 57, 57, 57, 57, 58, 59, 60, 61, 61, 61, 62, 62, 62, 62, 63, 63, 64, 64, 65, 66, 67, 67, 67, 69, 69, 70, 70, 70, 70, 71, 71, 71, 72, 73, 73, 74, 75, 77, 79, 82, 83, 86, 87, 89, 90, 92, 95, 95, 99, 100, 102, 103, 105, 106, 108, 109, 109, 111, 111, 112, 113, 117, 119, 120, 120]]"
0.9,0.6,0.3,plurality,1,44.689516129032256,134.0,250,1.0,"[[1, 1, 1, 2, 2, 2, 3, 3, 3, 3, 5, 5, 5, 6, 6, 7, 7, 8, 8, 9, 9, 9, 9, 11, 11, 11, 11, 12, 12, 12, 12, 13, 13, 13, 14, 14, 14, 14, 15, 15, 15, 16, 16, 16, 16, 17, 17, 17, 17, 17, 18, 18, 18, 18, 19, 19, 19, 19, 20, 20, 20, 20, 20, 21, 21, 21, 22, 22, 22, 23, 23, 23, 23, 24, 24, 24, 24, 25, 25, 25, 25, 25, 25, 26, 26, 26, 27, 27, 27, 27, 28, 28, 28, 28, 28, 29, 29, 30, 30, 30, 31, 31, 31, 31, 32, 32, 33, 33, 33, 33, 34, 34, 34, 35, 36, 36, 37, 37, 37, 38, 38, 38, 38, 38, 39, 39, 39, 39, 39, 40, 40, 41, 41, 41, 41, 41, 42, 43, 43, 43, 44, 44, 44, 45, 45, 45, 45, 46, 46, 46, 46, 47, 47, 47, 48, 48, 48, 48, 49, 49, 49, 49, 50, 50, 50, 51, 51, 51, 52, 52, 52, 52, 53, 54, 54, 54, 55, 55, 56, 56, 57, 58, 58, 58, 59, 59, 59, 60, 60, 61, 61, 62, 62, 62, 63, 64, 64, 65, 65, 66, 67, 68, 68, 69, 70, 71, 71, 73, 74, 76, 77, 80, 81, 84, 84, 86, 87, 88, 89, 91, 93, 95, 96, 97, 98, 99, 100, 103, 104, 107, 108, 110, 111, 114, 115, 115, 117, 119, 119, 123, 123, 125, 126, 128, 129, 130, 131, 133]]"
0.85,0.4,0.1,plurality,1,39.01632653061225,113.0,250,4.0,"[[0, 0, 0, 1, 1, 2, 2, 2, 2, 3, 3, 4, 4, 5, 5, 5, 6, 6, 7, 7, 8, 9, 10, 10, 10, 10, 10, 11, 11, 11, 11, 12, 12, 12, 12, 13, 13, 13, 13, 13, 13, 13, 14, 14, 14, 14, 14, 14, 15, 15, 15, 16, 16, 17, 17, 17, 17, 18, 18, 18, 19, 19, 19, 19, 19, 20, 20, 21, 21, 21, 21, 21, 21, 21, 21, 22, 22, 23, 23, 23, 23, 24, 24, 24, 24, 25, 25, 25, 26, 26, 26, 26, 27, 27, 27, 28, 29, 30, 30, 31, 31, 31, 31, 31, 31, 32, 32, 33, 33, 33, 33, 34, 34, 34, 34, 35, 35, 36, 36, 36, 37, 37, 37, 37, 38, 38, 38, 38, 38, 39, 39, 39, 39, 39, 40, 40, 40, 40, 40, 41, 41, 41, 41, 41, 42, 42, 42, 43, 43, 43, 43, 44, 44, 44, 44, 45, 45, 45, 45, 45, 45, 46, 47, 47, 47, 47, 47, 47, 47, 48, 49, 49, 49, 49, 49, 50, 50, 51, 51, 51, 52, 53, 53, 55, 55, 55, 55, 56, 56, 56, 56, 57, 57, 58, 58, 58, 59, 59, 59, 59, 61, 61, 61, 61, 62, 63, 64, 65, 65, 67, 67, 67, 67, 67, 69, 70, 71, 73, 74, 75, 75, 76, 77, 79, 79, 80, 81, 82, 83, 85, 87, 89, 90, 93, 94, 97, 97, 101, 101, 103, 106, 107, 109, 111, 112]]"
0.85,0.4,0.2,plurality,1,45.854838709677416,129.0,250,1.0,"[[0, 0, 1, 1, 1, 1, 2, 2, 2, 4, 4, 4, 4, 5, 5, 5, 5, 6, 7, 8, 9, 9, 9, 11, 11, 12, 12, 12, 12, 13, 14, 14, 14, 15, 15, 15, 16, 16, 16, 16, 17, 17, 17, 17, 17, 17, 18, 18, 18, 18, 18, 19, 19, 20, 20, 20, 20, 20, 20, 20, 21, 21, 21, 22, 22, 22, 22, 23, 23, 23, 23, 23, 24, 24, 25, 25, 25, 25, 26, 26, 26, 26, 26, 26, 27, 28, 28, 28, 28, 28, 28, 29, 29, 29, 29, 29, 30, 30, 31, 31, 31, 31, 31, 32, 32, 32, 32, 33, 33, 33, 34, 34, 34, 34, 35, 35, 35, 35, 35, 35, 36, 36, 37, 37, 37, 38, 38, 39, 39, 40, 40, 40, 41, 42, 42, 43, 44, 44, 45, 45, 46, 46, 46, 46, 46, 47, 48, 48, 49, 49, 50, 51, 51, 51, 51, 51, 51, 52, 52, 53, 53, 54, 54, 55, 55, 56, 56, 58, 58, 58, 58, 59, 60, 60, 60, 61, 61, 62, 62, 62, 62, 62, 63, 64, 64, 65, 67, 67, 68, 68, 70, 70, 70, 71, 71, 72, 73, 74, 74, 75, 76, 76, 77, 78, 79, 80, 80, 81, 82, 82, 83, 84, 84, 85, 86, 88, 89, 91, 92, 92, 93, 94, 95, 95, 96, 96, 97, 98, 98, 98, 99, 102, 103, 103, 105, 107, 108, 110, 111, 114, 116, 117, 119, 120, 121, 123, 126, 128]]"
0.85,0.4,0.3,plurality,1,40.25806451612903,112.0,250,1.0,"[[1, 1, 1, 1, 1, 1, 2, 2, 2, 2, 3, 3, 3, 4, 4, 4, 4, 5, 5, 5, 5, 5, 6, 6, 7, 7, 7, 8, 8, 9, 9, 9, 10, 10, 10, 11, 11, 11, 11, 11, 12, 12, 12, 12, 12, 13, 13, 13, 14, 14, 14, 14, 14, 15, 15, 15, 15, 16, 16, 17, 17, 17, 17, 18, 18, 19, 19, 19, 19, 20, 20, 21, 22, 22, 22, 23, 23, 23, 24, 24, 24, 24, 25, 25, 25, 26, 27, 27, 27, 28, 28, 28, 28, 29, 29, 29, 30, 30, 30, 31, 31, 31, 31, 31, 31, 32, 32, 32, 33, 33, 33, 34, 34, 34, 35, 35, 35, 35, 36, 36, 36, 37, 37, 37, 37, 38, 38, 38, 38, 39, 39, 39, 39, 40, 41, 41, 41, 41, 42, 42, 42, 43, 43, 43, 43, 44, 44, 45, 45, 45, 45, 46, 46, 46, 47, 48, 48, 48, 48, 48, 49, 49, 50, 50, 50, 50, 51, 51, 52, 52, 54, 54, 54, 54, 54, 55, 55, 55, 56, 56, 57, 57, 58, 58, 58, 58, 58, 59, 59, 60, 60, 60, 60, 61, 62, 62, 63, 63, 64, 64, 64, 65, 65, 65, 66, 67, 68, 70, 70, 70, 72, 72, 72, 72, 73, 73, 74, 74, 74, 76, 76, 77, 77, 78, 79, 79, 80, 81, 82, 83, 84, 84, 85, 85, 89, 91, 92, 93, 94, 98, 99, 100, 101, 103, 103, 105, 110, 111]]"
0.85,0.5,0.1,plurality,1,39.55421686746988,90.0,250,0.0,"[[0, 1, 2, 2, 2, 2, 3, 3, 3, 4, 4, 5, 7, 7, 8, 8, 9, 9, 9, 10, 10, 11, 11, 12, 12, 12, 13, 13, 13, 13, 14, 14, 14, 14, 14, 14, 15, 15, 16, 17, 17, 17, 17, 18, 18, 18, 19, 19, 20, 20, 20, 20, 20, 21, 21, 21, 21, 21, 22, 22, 23, 23, 23, 23, 23, 24, 24, 24, 24, 24, 25, 25, 25, 26, 26, 26, 26, 27, 27, 27, 27, 27, 28, 28, 28, 28, 28, 28, 29, 29, 30, 30, 30, 31, 31, 31, 31, 32, 32, 32, 32, 33, 33, 33, 33, 33, 33, 34, 34, 35, 35, 35, 35, 35, 35, 35, 36, 36, 36, 37, 37, 37, 37, 38, 38, 38, 38, 39, 39, 39, 40, 40, 40, 40, 41, 41, 42, 42, 42, 42, 43, 43, 43, 43, 43, 44, 44, 44, 44, 44, 45, 45, 46, 46, 46, 46, 46, 46, 46, 47, 47, 47, 48, 48, 48, 48, 48, 48, 49, 49, 50, 50, 50, 51, 51, 51, 52, 53, 54, 54, 54, 54, 55, 55, 56, 56, 56, 56, 57, 57, 57, 58, 58, 59, 59, 60, 60, 60, 60, 60, 61, 61, 61, 62, 62, 62, 64, 64, 64, 64, 65, 65, 65, 65, 65, 66, 66, 67, 67, 67, 67, 67, 68, 68, 68, 69, 70, 70, 70, 71, 73, 74, 75, 75, 76, 77, 77, 77, 79, 79, 79, 80, 83, 84, 85, 86, 86, 87, 89]]"
0.85,0.5,0.2,plurality,1,48.98780487804878,150.0,250,3.0,"[[0, 1, 2, 2, 2, 2, 2, 3, 3, 3, 3, 4, 5, 5, 6, 6, 7, 7, 8, 9, 10, 10, 10, 10, 11, 11, 11, 11, 12, 12, 12, 12, 12, 13, 13, 13, 13, 14, 14, 14, 15, 15, 15, 16, 16, 16, 16, 18, 18, 18, 18, 19, 19, 19, 19, 19, 20, 20, 21, 21, 21, 21, 21, 22, 22, 22, 23, 23, 23, 24, 24, 24, 24, 25, 25, 26, 26, 26, 26, 27, 27, 27, 28, 28, 29, 29, 29, 29, 30, 30, 30, 30, 31, 31, 31, 32, 33, 33, 33, 33, 34, 35, 35, 36, 36, 36, 36, 37, 37, 37, 37, 37, 38, 38, 38, 38, 39, 39, 40, 40, 40, 40, 41, 41, 42, 42, 42, 43, 43, 43, 43, 43, 44, 44, 44, 45, 45, 45, 45, 46, 46, 46, 46, 46, 47, 47, 48, 48, 48, 49, 49, 49, 50, 51, 51, 51, 52, 53, 54, 55, 55, 55, 56, 57, 58, 58, 58, 58, 59, 60, 60, 60, 60, 60, 61, 61, 62, 62, 62, 62, 63, 64, 64, 64, 65, 65, 66, 67, 67, 68, 68, 69, 70, 71, 72, 74, 75, 76, 77, 77, 78, 79, 79, 79, 80, 82, 84, 85, 86, 88, 90, 91, 94, 94, 96, 99, 100, 103, 103, 104, 106, 107, 111, 112, 115, 117, 118, 119, 120, 121, 123, 124, 126, 131, 132, 135, 136, 137, 141, 142, 142, 144, 145, 146, 148, 149]]"
0.85,0.5,0.3,plurality,1,47.47389558232932,120.0,250,0.0,"[[1, 2, 2, 3, 4, 4, 5, 6, 6, 7, 8, 9, 10, 11, 11, 12, 12, 13, 13, 14, 14, 14, 14, 16, 17, 17, 17, 18, 18, 18, 18, 18, 19, 19, 19, 20, 20, 20, 20, 21, 21, 21, 22, 22, 22, 22, 23, 23, 23, 24, 24, 24, 24, 24, 25, 26, 26, 27, 27, 27, 27, 27, 27, 27, 28, 28, 28, 29, 29, 29, 29, 30, 31, 31, 32, 32, 32, 32, 32, 32, 33, 33, 33, 34, 34, 35, 35, 35, 36, 37, 37, 37, 38, 38, 38, 38, 38, 39, 39, 39, 39, 40, 40, 40, 40, 40, 41, 41, 42, 42, 42, 43, 43, 43, 43, 44, 44, 44, 44, 44, 45, 45, 45, 46, 46, 46, 46, 47, 47, 48, 48, 48, 48, 48, 49, 49, 49, 50, 50, 50, 50, 51, 51, 51, 51, 51, 51, 52, 52, 52, 52, 52, 53, 53, 53, 53, 53, 54, 54, 54, 54, 54, 54, 55, 55, 55, 55, 56, 56, 56, 57, 57, 58, 58, 58, 59, 59, 59, 60, 60, 60, 61, 61, 61, 62, 62, 63, 63, 63, 64, 64, 65, 65, 65, 66, 66, 66, 66, 67, 67, 68, 68, 68, 69, 70, 71, 72, 72, 73, 73, 73, 74, 74, 75, 77, 77, 77, 78, 79, 80, 80, 81, 83, 83, 84, 84, 85, 86, 86, 88, 88, 90, 91, 93, 94, 97, 99, 100, 102, 103, 106, 106, 108, 111, 111, 113, 114, 119, 119]]"
0.85,0.6,0.1,plurality,1,40.611336032388664,103.0,250,2.0,"[[0, 0, 1, 1, 1, 1, 2, 2, 3, 4, 4, 5, 6, 6, 6, 7, 8, 8, 9, 9, 9, 10, 10, 10, 11, 11, 12, 12, 12, 12, 12, 12, 13, 13, 13, 13, 14, 14, 14, 14, 15, 15, 15, 15, 16, 16, 16, 17, 17, 18, 18, 18, 18, 18, 19, 19, 19, 20, 20, 20, 21, 21, 21, 21, 22, 22, 22, 22, 23, 23, 23, 23, 24, 24, 24, 24, 24, 25, 25, 25, 25, 25, 26, 27, 27, 27, 27, 27, 28, 28, 29, 29, 30, 30, 30, 30, 30, 30, 31, 31, 31, 32, 32, 33, 33, 34, 34, 35, 35, 36, 36, 37, 37, 37, 37, 37, 38, 38, 39, 39, 40, 40, 41, 41, 41, 41, 41, 42, 43, 43, 43, 43, 44, 44, 44, 44, 44, 45, 45, 46, 46, 46, 46, 46, 47, 47, 48, 48, 48, 48, 48, 49, 49, 49, 50, 50, 50, 50, 50, 50, 51, 51, 51, 52, 52, 52, 52, 52, 52, 53, 53, 53, 54, 54, 55, 55, 55, 55, 55, 56, 56, 56, 57, 57, 57, 58, 58, 58, 59, 59, 59, 59, 59, 60, 60, 61, 61, 61, 61, 62, 63, 63, 63, 64, 64, 64, 65, 65, 66, 66, 66, 67, 68, 68, 68, 68, 69, 69, 70, 70, 70, 71, 72, 72, 72, 73, 73, 74, 75, 77, 78, 80, 80, 82, 83, 83, 85, 87, 87, 90, 91, 93, 93, 95, 96, 101, 102]]"
0.85,0.6,0.2,plurality,1,43.67741935483871,114.0,250,1.0,"[[0, 0, 1, 1, 2, 2, 2, 3, 3, 4, 4, 4, 4, 5, 5, 6, 6, 7, 8, 9, 9, 9, 10, 10, 10, 11, 11, 11, 11, 12, 12, 13, 13, 13, 14, 14, 14, 15, 16, 16, 16, 16, 17, 17, 18, 18, 18, 19, 19, 20, 20, 20, 20, 20, 21, 21, 21, 22, 22, 22, 23, 23, 24, 25, 25, 26, 26, 26, 26, 26, 27, 27, 27, 28, 28, 28, 28, 29, 29, 29, 29, 30, 30, 30, 31, 31, 31, 32, 32, 32, 32, 33, 33, 34, 34, 34, 35, 35, 35, 35, 35, 35, 36, 36, 36, 36, 37, 37, 37, 38, 38, 38, 38, 38, 39, 39, 39, 40, 40, 40, 40, 40, 40, 40, 41, 41, 41, 41, 41, 41, 42, 42, 42, 42, 42, 43, 43, 44, 44, 44, 45, 46, 47, 47, 48, 48, 48, 48, 49, 49, 49, 49, 50, 50, 50, 51, 51, 51, 52, 52, 53, 53, 53, 53, 53, 53, 53, 53, 54, 54, 55, 55, 55, 55, 56, 56, 57, 58, 58, 59, 59, 59, 60, 60, 60, 61, 61, 61, 62, 62, 63, 63, 64, 64, 64, 64, 65, 65, 65, 65, 66, 67, 67, 67, 67, 67, 69, 69, 69, 70, 70, 71, 71, 71, 72, 73, 74, 74, 76, 77, 78, 78, 80, 80, 82, 83, 85, 86, 87, 87, 88, 89, 90, 91, 92, 96, 97, 97, 99, 102, 102, 104, 105, 107, 108, 112, 113, 113]]"
0.85,0.6,0.3,plurality,1,41.08870967741935,109.0,250,1.0,"[[1, 1, 2, 2, 3, 3, 3, 3, 3, 4, 5, 5, 5, 6, 6, 6, 6, 8, 8, 8, 9, 10, 10, 10, 10, 10, 11, 11, 11, 12, 12, 12, 13, 13, 14, 14, 15, 15, 16, 16, 16, 16, 16, 17, 17, 17, 18, 18, 18, 19, 19, 19, 19, 20, 20, 20, 20, 21, 21, 21, 22, 22, 22, 23, 24, 24, 24, 24, 25, 25, 25, 25, 25, 26, 26, 26, 26, 27, 27, 27, 27, 28, 28, 28, 28, 29, 30, 30, 30, 30, 30, 31, 31, 31, 31, 31, 31, 32, 33, 33, 33, 33, 33, 34, 34, 34, 35, 35, 36, 36, 36, 36, 36, 36, 37, 37, 37, 37, 38, 38, 38, 38, 39, 39, 39, 39, 39, 39, 40, 40, 41, 41, 41, 41, 41, 42, 42, 42, 42, 43, 43, 43, 43, 44, 44, 44, 45, 45, 45, 45, 45, 45, 45, 46, 46, 46, 46, 47, 47, 47, 47, 47, 48, 48, 48, 48, 49, 49, 49, 50, 50, 51, 52, 52, 52, 53, 53, 53, 54, 54, 55, 55, 56, 57, 57, 57, 57, 58, 58, 59, 59, 59, 60, 60, 61, 61, 61, 62, 62, 63, 63, 64, 65, 65, 65, 65, 66, 67, 67, 67, 67, 68, 69, 69, 69, 70, 70, 71, 71, 72, 73, 73, 73, 74, 74, 74, 74, 75, 76, 77, 77, 79, 84, 85, 85, 87, 88, 90, 94, 96, 98, 100, 101, 104, 105, 106, 107, 108]]"
0.95,0.4,0.1,approval,1,37.931451612903224,91.0,250,1.0,"[[0, 1, 1, 1, 2, 3, 3, 3, 3, 3, 4, 4, 4, 5, 5, 5, 5, 6, 6, 6, 6, 7, 7, 7, 8, 8, 9, 9, 9, 10, 11, 11, 11, 11, 12, 12, 12, 13, 14, 14, 14, 14, 14, 15, 15, 15, 16, 16, 16, 17, 17, 17, 17, 17, 18, 18, 18, 19, 19, 19, 19, 20, 20, 20, 20, 20, 20, 21, 21, 21, 21, 22, 22, 22, 22, 23, 23, 23, 23, 23, 23, 23, 24, 24, 24, 24, 25, 25, 25, 26, 26, 26, 27, 27, 27, 27, 27, 28, 28, 28, 29, 29, 29, 29, 30, 30, 31, 31, 31, 32, 32, 32, 32, 32, 33, 33, 33, 34, 34, 35, 35, 35, 35, 35, 36, 36, 36, 36, 37, 37, 37, 37, 38, 38, 38, 38, 38, 39, 39, 39, 40, 40, 40, 40, 41, 41, 41, 41, 41, 42, 42, 42, 43, 43, 43, 44, 44, 44, 45, 45, 45, 46, 46, 47, 47, 48, 48, 49, 49, 50, 50, 50, 51, 51, 51, 51, 52, 52, 53, 53, 53, 54, 54, 54, 54, 55, 56, 56, 56, 56, 57, 57, 58, 58, 58, 59, 59, 59, 60, 60, 60, 61, 61, 61, 61, 63, 63, 64, 64, 65, 65, 65, 65, 66, 67, 67, 68, 68, 69, 70, 71, 71, 72, 73, 74, 75, 75, 76, 76, 77, 77, 78, 79, 80, 80, 81, 81, 82, 83, 84, 84, 85, 86, 86, 86, 87, 89, 90]]"
0.95,0.4,0.2,approval,1,36.87903225806452,90.0,250,1.0,"[[1, 1, 1, 2, 2, 3, 3, 3, 4, 4, 4, 4, 5, 5, 6, 6, 6, 7, 7, 8, 8, 9, 10, 10, 10, 10, 10, 11, 11, 11, 11, 11, 11, 11, 12, 13, 13, 13, 13, 13, 14, 14, 14, 14, 15, 15, 15, 15, 16, 16, 16, 16, 17, 17, 17, 17, 18, 18, 18, 19, 19, 19, 19, 19, 20, 20, 20, 20, 20, 21, 21, 21, 22, 22, 22, 22, 22, 23, 23, 23, 23, 24, 24, 24, 24, 25, 25, 26, 26, 26, 26, 27, 27, 27, 28, 28, 28, 29, 29, 29, 29, 30, 30, 31, 31, 31, 31, 32, 32, 32, 32, 32, 32, 33, 33, 34, 34, 34, 34, 34, 34, 35, 35, 35, 35, 35, 36, 36, 36, 37, 37, 37, 37, 38, 38, 38, 38, 39, 39, 39, 39, 40, 40, 41, 41, 41, 41, 42, 42, 43, 43, 43, 43, 44, 44, 44, 44, 44, 44, 44, 45, 45, 45, 46, 46, 46, 46, 46, 46, 47, 47, 48, 48, 48, 49, 49, 49, 49, 49, 50, 50, 50, 50, 50, 51, 51, 51, 52, 52, 52, 52, 53, 53, 54, 54, 55, 55, 55, 56, 56, 56, 56, 57, 58, 58, 58, 58, 59, 59, 59, 59, 60, 60, 61, 61, 61, 61, 62, 63, 63, 64, 64, 65, 66, 68, 69, 72, 74, 76, 76, 76, 78, 78, 79, 79, 79, 80, 81, 81, 81, 82, 83, 85, 86, 87, 87, 87, 89]]"
0.95,0.4,0.3,approval,1,39.269076305220885,97.0,250,0.0,"[[0, 0, 0, 1, 1, 2, 2, 2, 3, 3, 3, 3, 3, 5, 5, 5, 6, 6, 6, 7, 8, 9, 9, 10, 10, 10, 10, 11, 12, 12, 12, 13, 14, 15, 15, 15, 16, 16, 16, 16, 17, 17, 18, 18, 18, 18, 19, 19, 19, 19, 19, 19, 20, 20, 21, 21, 21, 21, 22, 22, 22, 22, 23, 23, 23, 24, 24, 24, 24, 24, 24, 24, 25, 25, 25, 26, 26, 26, 26, 27, 27, 27, 27, 28, 28, 28, 28, 28, 29, 29, 30, 30, 30, 30, 30, 31, 31, 31, 31, 32, 32, 32, 33, 33, 33, 33, 33, 33, 33, 34, 34, 35, 35, 35, 35, 35, 35, 35, 36, 36, 36, 36, 37, 37, 38, 38, 38, 38, 38, 38, 39, 39, 39, 39, 40, 40, 40, 41, 41, 41, 41, 41, 41, 42, 42, 42, 42, 43, 43, 43, 44, 44, 44, 44, 45, 45, 45, 46, 46, 47, 47, 47, 47, 48, 49, 49, 49, 50, 50, 50, 50, 50, 51, 51, 51, 52, 52, 52, 53, 53, 54, 54, 55, 55, 55, 55, 55, 56, 56, 57, 57, 57, 57, 57, 58, 58, 58, 59, 59, 59, 59, 60, 60, 61, 61, 61, 61, 62, 63, 63, 64, 64, 64, 65, 66, 66, 66, 67, 67, 68, 68, 68, 69, 70, 71, 71, 72, 73, 73, 74, 74, 76, 76, 77, 77, 79, 79, 80, 80, 82, 83, 84, 85, 86, 87, 88, 92, 93, 96]]"
0.95,0.5,0.1,approval,1,37.208835341365464,101.0,250,0.0,"[[0, 0, 1, 1, 2, 2, 2, 2, 2, 3, 3, 3, 4, 4, 4, 4, 5, 5, 5, 6, 6, 6, 7, 7, 7, 8, 8, 8, 10, 10, 10, 10, 11, 11, 11, 11, 12, 12, 12, 12, 13, 13, 13, 13, 13, 14, 14, 14, 15, 15, 15, 15, 16, 16, 16, 16, 17, 17, 17, 18, 18, 19, 19, 19, 19, 19, 20, 20, 21, 21, 21, 21, 22, 22, 22, 22, 22, 23, 23, 23, 23, 24, 24, 24, 24, 24, 25, 25, 25, 25, 25, 25, 25, 26, 26, 26, 26, 27, 27, 27, 27, 27, 27, 27, 28, 28, 28, 29, 29, 29, 29, 29, 29, 30, 30, 30, 31, 31, 31, 31, 31, 32, 32, 32, 33, 33, 33, 34, 34, 34, 34, 34, 35, 35, 35, 35, 35, 36, 36, 37, 37, 37, 37, 37, 38, 38, 38, 38, 39, 39, 39, 40, 41, 41, 41, 41, 41, 42, 42, 42, 42, 43, 43, 43, 44, 44, 44, 46, 46, 47, 47, 47, 48, 48, 49, 50, 50, 50, 51, 51, 51, 52, 52, 52, 53, 53, 53, 54, 54, 55, 55, 55, 56, 56, 57, 57, 57, 57, 58, 58, 59, 59, 60, 61, 61, 62, 63, 63, 65, 65, 66, 66, 67, 67, 68, 68, 69, 69, 71, 72, 72, 73, 73, 74, 75, 76, 76, 77, 77, 78, 78, 80, 80, 81, 82, 83, 84, 84, 86, 87, 89, 90, 91, 92, 94, 95, 97, 98, 100]]"
0.95,0.5,0.2,approval,1,35.45783132530121,93.0,250,0.0,"[[0, 0, 0, 1, 1, 1, 2, 2, 2, 2, 2, 2, 3, 3, 4, 5, 5, 5, 5, 6, 6, 6, 6, 6, 7, 7, 7, 8, 8, 8, 8, 9, 9, 10, 10, 10, 11, 11, 11, 11, 12, 12, 12, 12, 12, 13, 14, 14, 14, 14, 14, 15, 15, 15, 15, 16, 16, 16, 17, 17, 17, 18, 18, 18, 18, 19, 19, 19, 19, 20, 20, 20, 20, 21, 21, 21, 21, 21, 21, 22, 22, 22, 22, 22, 23, 23, 23, 23, 24, 24, 24, 24, 25, 25, 25, 26, 26, 26, 26, 26, 26, 27, 27, 28, 28, 28, 28, 28, 28, 29, 29, 29, 29, 30, 30, 30, 31, 31, 31, 31, 31, 31, 31, 32, 32, 32, 32, 32, 33, 33, 33, 34, 34, 34, 34, 35, 35, 35, 35, 35, 36, 37, 37, 37, 37, 37, 37, 38, 38, 38, 38, 39, 39, 40, 40, 40, 41, 41, 41, 42, 42, 43, 43, 43, 44, 44, 45, 45, 46, 46, 46, 47, 47, 47, 48, 49, 49, 50, 50, 50, 50, 51, 52, 52, 52, 53, 53, 54, 54, 54, 54, 54, 55, 55, 56, 56, 57, 57, 58, 58, 59, 59, 60, 60, 60, 60, 61, 61, 61, 62, 62, 62, 62, 63, 63, 64, 64, 64, 65, 66, 66, 66, 67, 68, 68, 68, 68, 69, 69, 70, 71, 71, 71, 73, 73, 73, 75, 76, 77, 79, 80, 82, 82, 84, 85, 87, 88, 91, 92]]"
0.95,0.5,0.3,approval,1,33.859437751004016,85.0,250,0.0,"[[0, 0, 1, 1, 1, 1, 1, 3, 3, 3, 3, 3, 3, 4, 4, 4, 4, 4, 5, 5, 5, 5, 5, 6, 6, 7, 7, 7, 7, 8, 8, 8, 9, 10, 10, 10, 10, 11, 11, 11, 11, 12, 12, 13, 13, 13, 13, 13, 14, 14, 14, 15, 15, 15, 15, 16, 16, 16, 16, 16, 16, 17, 17, 18, 18, 18, 19, 19, 19, 19, 19, 20, 20, 21, 21, 21, 21, 21, 21, 22, 22, 22, 22, 23, 23, 24, 24, 24, 24, 24, 24, 25, 25, 25, 26, 26, 26, 26, 27, 27, 27, 27, 28, 28, 28, 28, 28, 29, 29, 29, 30, 30, 30, 30, 30, 30, 31, 31, 31, 31, 31, 31, 32, 32, 33, 33, 33, 33, 33, 33, 33, 33, 34, 34, 34, 34, 35, 35, 36, 36, 36, 36, 36, 37, 37, 37, 37, 37, 38, 38, 38, 39, 39, 39, 39, 39, 39, 40, 40, 40, 40, 41, 41, 41, 42, 42, 42, 42, 43, 43, 43, 43, 44, 44, 44, 44, 45, 45, 46, 46, 46, 46, 47, 47, 47, 48, 48, 48, 49, 49, 49, 50, 50, 51, 51, 52, 52, 52, 53, 53, 53, 54, 54, 54, 55, 55, 55, 55, 55, 56, 56, 57, 57, 57, 58, 60, 60, 61, 61, 62, 63, 63, 63, 63, 65, 65, 66, 66, 67, 68, 68, 68, 69, 69, 70, 70, 72, 72, 73, 73, 74, 75, 76, 77, 79, 80, 81, 82, 84]]"
0.95,0.6,0.1,approval,1,36.0,97.0,250,0.0,"[[0, 1, 1, 1, 2, 2, 2, 2, 3, 3, 3, 3, 4, 4, 4, 4, 4, 5, 6, 6, 7, 7, 8, 9, 9, 10, 10, 11, 11, 11, 11, 11, 11, 11, 13, 13, 13, 13, 13, 13, 13, 14, 14, 14, 15, 15, 15, 16, 16, 16, 16, 16, 16, 16, 17, 17, 17, 18, 18, 18, 18, 19, 19, 19, 19, 20, 20, 20, 20, 20, 21, 21, 21, 21, 22, 22, 22, 22, 23, 23, 23, 24, 24, 24, 24, 25, 25, 25, 25, 26, 26, 26, 27, 27, 27, 27, 27, 28, 28, 28, 29, 29, 29, 29, 30, 30, 30, 30, 31, 31, 31, 31, 31, 31, 32, 32, 32, 33, 33, 33, 33, 34, 34, 34, 34, 34, 34, 34, 35, 36, 36, 36, 36, 36, 36, 37, 37, 37, 38, 38, 39, 39, 39, 39, 39, 40, 40, 40, 40, 41, 41, 41, 42, 42, 42, 42, 43, 43, 43, 43, 44, 44, 44, 44, 45, 45, 45, 45, 46, 46, 46, 46, 47, 47, 47, 48, 48, 48, 49, 49, 49, 49, 49, 49, 50, 50, 50, 50, 51, 51, 51, 51, 52, 52, 53, 53, 53, 54, 54, 55, 55, 56, 56, 56, 57, 57, 57, 58, 58, 58, 59, 59, 60, 60, 60, 61, 61, 62, 62, 62, 63, 63, 63, 63, 64, 65, 65, 65, 66, 67, 67, 69, 69, 71, 72, 74, 75, 77, 79, 80, 82, 83, 84, 86, 90, 92, 93, 94, 96]]"
0.95,0.6,0.2,approval,1,37.3855421686747,103.0,250,0.0,"[[0, 1, 2, 2, 4, 5, 5, 6, 6, 6, 6, 7, 8, 8, 8, 8, 8, 9, 9, 9, 10, 10, 10, 11, 11, 11, 11, 11, 11, 13, 13, 13, 13, 14, 14, 14, 14, 14, 15, 15, 15, 16, 16, 16, 16, 17, 17, 18, 18, 18, 18, 19, 19, 19, 19, 19, 20, 20, 20, 20, 21, 21, 21, 21, 21, 22, 22, 22, 22, 23, 23, 23, 23, 23, 24, 24, 24, 24, 24, 24, 25, 25, 25, 25, 26, 26, 26, 26, 27, 27, 27, 27, 28, 28, 28, 28, 28, 28, 29, 29, 29, 29, 29, 30, 30, 30, 30, 31, 31, 31, 31, 31, 31, 32, 32, 32, 32, 33, 33, 33, 33, 33, 34, 34, 35, 35, 35, 35, 35, 35, 36, 36, 36, 36, 36, 36, 37, 37, 37, 38, 38, 38, 38, 38, 39, 39, 39, 39, 39, 40, 40, 40, 41, 41, 41, 41, 41, 41, 41, 42, 42, 42, 43, 43, 43, 43, 44, 44, 44, 44, 44, 45, 45, 45, 46, 46, 47, 47, 47, 48, 48, 48, 48, 49, 50, 50, 50, 51, 51, 51, 51, 51, 53, 53, 53, 53, 53, 53, 54, 54, 55, 55, 55, 55, 55, 56, 57, 57, 57, 58, 58, 60, 61, 61, 62, 63, 63, 64, 64, 65, 66, 68, 68, 69, 69, 71, 72, 73, 74, 75, 76, 77, 78, 80, 81, 83, 84, 85, 86, 87, 88, 89, 90, 94, 95, 96, 97, 99, 102]]"
0.95,0.6,0.3,approval,1,36.024096385542165,105.0,250,0.0,"[[0, 0, 0, 0, 1, 1, 1, 2, 2, 2, 2, 2, 3, 3, 4, 4, 4, 4, 4, 4, 4, 4, 5, 5, 6, 6, 6, 7, 7, 8, 8, 8, 9, 10, 10, 10, 10, 10, 11, 11, 11, 12, 12, 12, 12, 12, 13, 13, 14, 14, 14, 14, 14, 14, 15, 15, 16, 16, 16, 17, 17, 17, 17, 17, 18, 18, 18, 18, 18, 19, 19, 19, 19, 20, 20, 20, 20, 21, 21, 21, 22, 22, 22, 22, 22, 22, 22, 23, 23, 23, 23, 23, 24, 24, 24, 24, 24, 25, 25, 25, 26, 26, 26, 27, 27, 27, 27, 28, 28, 28, 28, 28, 29, 30, 30, 30, 30, 31, 31, 31, 31, 32, 32, 32, 33, 33, 33, 33, 33, 33, 34, 35, 35, 35, 35, 35, 35, 35, 36, 36, 37, 37, 38, 38, 38, 39, 39, 40, 40, 40, 41, 41, 41, 41, 41, 41, 42, 42, 42, 43, 43, 43, 43, 43, 44, 45, 45, 45, 45, 45, 46, 46, 46, 46, 47, 48, 48, 49, 49, 49, 51, 51, 51, 51, 52, 52, 52, 53, 53, 53, 54, 55, 55, 55, 55, 56, 56, 56, 56, 56, 57, 57, 58, 58, 58, 58, 58, 59, 59, 60, 60, 60, 60, 61, 61, 62, 62, 62, 62, 63, 63, 63, 65, 66, 68, 68, 72, 73, 74, 75, 79, 80, 83, 83, 85, 86, 87, 88, 90, 91, 93, 94, 96, 97, 99, 100, 102, 103, 104]]"
0.9,0.4,0.1,approval,1,41.63306451612903,106.0,250,1.0,"[[1, 1, 2, 2, 2, 3, 3, 4, 4, 4, 4, 5, 5, 5, 5, 5, 5, 6, 6, 7, 8, 8, 8, 9, 10, 10, 10, 10, 11, 11, 12, 12, 13, 13, 13, 13, 13, 14, 14, 15, 15, 15, 15, 15, 16, 16, 16, 17, 18, 18, 18, 18, 18, 19, 19, 19, 19, 19, 19, 20, 21, 21, 21, 21, 21, 22, 22, 22, 22, 23, 23, 23, 23, 23, 24, 24, 24, 24, 25, 25, 25, 25, 26, 27, 27, 27, 27, 27, 27, 28, 29, 29, 29, 29, 30, 30, 30, 31, 32, 32, 32, 32, 32, 33, 33, 34, 34, 34, 35, 35, 36, 36, 36, 36, 37, 37, 37, 37, 38, 38, 39, 39, 39, 40, 40, 40, 40, 41, 41, 41, 41, 41, 42, 43, 43, 44, 44, 44, 44, 44, 45, 45, 45, 46, 46, 46, 47, 47, 47, 47, 48, 48, 49, 49, 49, 50, 50, 50, 50, 50, 51, 51, 51, 52, 52, 53, 53, 53, 53, 53, 54, 54, 54, 55, 55, 55, 56, 56, 56, 57, 57, 57, 58, 58, 58, 59, 59, 59, 59, 59, 60, 61, 61, 62, 62, 62, 64, 65, 65, 66, 66, 67, 68, 68, 68, 69, 69, 71, 71, 72, 72, 72, 73, 74, 74, 74, 74, 75, 76, 76, 78, 78, 79, 79, 80, 80, 81, 81, 81, 82, 83, 84, 84, 84, 86, 86, 87, 87, 90, 92, 93, 93, 95, 98, 99, 100, 104, 105]]"
0.9,0.4,0.2,approval,1,41.22489959839358,121.0,250,0.0,"[[0, 1, 1, 1, 2, 2, 2, 2, 2, 3, 3, 3, 3, 3, 4, 5, 5, 5, 5, 6, 6, 6, 7, 7, 8, 8, 8, 9, 10, 10, 11, 11, 12, 12, 12, 13, 13, 13, 14, 14, 14, 14, 14, 15, 15, 15, 15, 16, 16, 16, 17, 17, 17, 18, 18, 18, 18, 18, 19, 19, 20, 20, 20, 20, 21, 21, 21, 21, 22, 22, 22, 23, 23, 23, 23, 23, 24, 25, 25, 25, 25, 25, 26, 26, 26, 26, 27, 27, 27, 28, 28, 28, 28, 28, 28, 28, 29, 29, 30, 30, 30, 30, 30, 31, 31, 31, 31, 31, 32, 32, 32, 32, 33, 33, 33, 34, 34, 34, 35, 35, 35, 35, 36, 37, 38, 38, 38, 39, 39, 39, 39, 39, 40, 40, 40, 40, 40, 41, 41, 41, 41, 42, 42, 42, 42, 42, 43, 43, 44, 44, 45, 46, 46, 47, 47, 47, 47, 47, 47, 47, 47, 48, 48, 49, 49, 49, 49, 49, 50, 50, 51, 51, 51, 51, 51, 52, 52, 52, 53, 54, 54, 54, 55, 55, 56, 56, 56, 56, 57, 58, 59, 59, 59, 60, 60, 61, 61, 62, 62, 62, 63, 63, 63, 64, 65, 65, 66, 66, 68, 68, 69, 69, 70, 70, 71, 71, 73, 73, 74, 75, 76, 79, 80, 82, 83, 85, 86, 86, 89, 90, 92, 93, 94, 96, 97, 99, 101, 102, 104, 104, 106, 109, 109, 111, 114, 114, 116, 120, 120]]"
0.9,0.4,0.3,approval,1,40.81927710843374,111.0,250,0.0,"[[0, 1, 1, 1, 2, 2, 2, 2, 2, 2, 3, 3, 4, 4, 4, 4, 4, 5, 5, 5, 5, 5, 6, 7, 7, 7, 7, 8, 8, 9, 9, 10, 10, 10, 11, 11, 11, 11, 11, 12, 13, 13, 13, 13, 13, 14, 14, 14, 14, 15, 15, 15, 16, 16, 17, 17, 17, 17, 18, 18, 18, 19, 20, 20, 21, 21, 21, 21, 22, 22, 22, 22, 23, 23, 24, 24, 24, 24, 24, 24, 25, 25, 25, 25, 26, 26, 26, 27, 27, 27, 27, 27, 27, 28, 28, 29, 29, 30, 30, 30, 30, 30, 30, 31, 31, 31, 32, 32, 32, 33, 33, 33, 33, 33, 33, 34, 34, 34, 35, 35, 35, 36, 36, 36, 37, 37, 37, 37, 38, 38, 38, 39, 39, 39, 40, 41, 41, 41, 42, 42, 42, 43, 43, 44, 45, 45, 45, 45, 46, 46, 47, 47, 47, 48, 48, 48, 48, 49, 49, 49, 49, 50, 50, 51, 51, 51, 51, 52, 52, 52, 53, 53, 53, 54, 54, 55, 55, 55, 55, 55, 56, 56, 57, 57, 57, 58, 58, 59, 59, 59, 60, 61, 61, 62, 62, 63, 63, 64, 64, 65, 65, 65, 66, 66, 67, 67, 68, 68, 69, 70, 71, 71, 72, 72, 73, 73, 74, 75, 76, 76, 77, 78, 79, 80, 80, 81, 82, 82, 82, 84, 86, 87, 88, 89, 89, 89, 91, 92, 94, 95, 97, 102, 104, 105, 105, 106, 107, 109, 110]]"
0.9,0.5,0.1,approval,1,40.649193548387096,87.0,250,1.0,"[[0, 0, 1, 1, 1, 1, 2, 2, 3, 3, 4, 4, 5, 5, 7, 7, 8, 8, 8, 9, 9, 10, 10, 11, 11, 11, 11, 12, 12, 12, 12, 12, 13, 13, 13, 13, 14, 14, 15, 15, 15, 15, 16, 16, 16, 16, 17, 17, 18, 18, 18, 18, 19, 19, 19, 19, 20, 21, 21, 21, 21, 21, 21, 21, 21, 22, 22, 23, 23, 23, 23, 24, 24, 24, 24, 25, 25, 25, 26, 26, 26, 26, 27, 27, 28, 28, 28, 28, 29, 30, 30, 30, 30, 30, 31, 31, 31, 31, 32, 32, 32, 32, 33, 33, 33, 33, 33, 34, 34, 34, 34, 35, 35, 36, 36, 36, 37, 37, 37, 37, 38, 38, 39, 39, 39, 39, 40, 40, 40, 41, 41, 41, 42, 42, 43, 43, 43, 43, 44, 44, 45, 45, 45, 45, 46, 46, 46, 46, 47, 47, 47, 48, 48, 48, 48, 49, 49, 50, 50, 51, 51, 51, 51, 52, 52, 52, 52, 53, 53, 54, 55, 55, 55, 56, 56, 57, 57, 57, 58, 58, 58, 58, 59, 59, 59, 60, 60, 60, 61, 61, 62, 62, 62, 63, 63, 63, 63, 64, 64, 64, 65, 65, 65, 66, 67, 67, 67, 67, 68, 68, 69, 69, 69, 70, 70, 70, 70, 71, 72, 72, 73, 74, 74, 75, 76, 76, 76, 76, 77, 77, 77, 78, 78, 78, 79, 80, 80, 80, 81, 82, 82, 83, 83, 84, 84, 84, 85, 86]]"
0.9,0.5,0.2,approval,1,37.30923694779116,88.0,250,0.0,"[[1, 1, 2, 2, 2, 2, 3, 3, 3, 4, 4, 4, 4, 5, 5, 5, 5, 6, 6, 6, 7, 7, 7, 8, 8, 8, 9, 9, 10, 10, 11, 11, 11, 12, 12, 12, 12, 13, 13, 13, 13, 14, 14, 14, 14, 14, 15, 15, 15, 15, 15, 15, 16, 16, 16, 17, 17, 17, 17, 18, 18, 18, 19, 19, 19, 20, 20, 20, 21, 21, 21, 21, 22, 22, 22, 23, 23, 24, 24, 25, 26, 26, 26, 26, 26, 27, 27, 27, 27, 28, 28, 29, 29, 29, 29, 29, 30, 30, 30, 31, 31, 31, 32, 32, 32, 32, 33, 33, 33, 33, 33, 33, 34, 34, 34, 35, 35, 35, 36, 36, 36, 36, 36, 36, 36, 37, 38, 38, 38, 38, 38, 38, 39, 39, 39, 40, 40, 40, 40, 40, 41, 41, 41, 41, 41, 42, 42, 42, 42, 43, 43, 43, 44, 44, 44, 44, 44, 45, 45, 45, 45, 46, 46, 46, 47, 47, 47, 47, 48, 48, 48, 49, 49, 49, 49, 49, 49, 50, 50, 50, 51, 51, 52, 52, 52, 52, 53, 53, 53, 53, 54, 55, 56, 56, 56, 56, 56, 56, 56, 57, 57, 58, 58, 59, 59, 60, 60, 61, 61, 61, 62, 62, 63, 63, 64, 64, 64, 64, 65, 66, 66, 67, 67, 68, 68, 69, 69, 70, 71, 72, 72, 72, 73, 73, 74, 74, 75, 75, 75, 76, 77, 79, 80, 82, 83, 84, 85, 86, 87]]"
0.9,0.5,0.3,approval,1,35.34538152610442,91.0,250,0.0,"[[0, 1, 1, 1, 1, 2, 2, 2, 2, 3, 3, 4, 4, 5, 5, 5, 5, 6, 7, 8, 8, 8, 8, 9, 9, 9, 10, 10, 10, 10, 10, 10, 10, 11, 11, 11, 12, 12, 13, 13, 13, 13, 13, 14, 14, 14, 14, 14, 15, 15, 15, 15, 16, 16, 16, 16, 16, 17, 17, 17, 17, 17, 18, 18, 18, 18, 18, 19, 19, 19, 19, 19, 20, 20, 20, 20, 20, 21, 21, 21, 21, 22, 22, 22, 23, 23, 23, 23, 23, 23, 23, 23, 24, 24, 25, 25, 25, 25, 25, 26, 26, 26, 27, 27, 27, 28, 28, 28, 28, 29, 29, 29, 29, 29, 29, 30, 30, 30, 31, 31, 31, 32, 32, 32, 33, 33, 33, 33, 34, 34, 34, 35, 35, 35, 35, 35, 36, 36, 36, 37, 37, 37, 37, 37, 38, 38, 38, 39, 39, 39, 39, 40, 40, 40, 41, 41, 41, 41, 42, 42, 43, 43, 43, 44, 44, 44, 44, 44, 45, 45, 45, 46, 46, 46, 46, 47, 48, 48, 48, 48, 49, 49, 50, 50, 50, 50, 51, 51, 52, 53, 53, 53, 54, 55, 55, 56, 56, 56, 56, 57, 58, 58, 58, 59, 59, 59, 59, 60, 60, 60, 61, 61, 61, 61, 62, 62, 62, 63, 63, 64, 64, 65, 65, 66, 67, 67, 69, 69, 69, 70, 72, 72, 73, 74, 74, 75, 76, 76, 77, 78, 78, 79, 81, 81, 83, 84, 85, 88, 90]]"
0.9,0.6,0.1,approval,1,37.46370967741935,101.0,250,1.0,"[[0, 0, 0, 1, 1, 2, 2, 2, 2, 3, 3, 4, 4, 4, 5, 6, 6, 6, 7, 7, 8, 8, 9, 9, 10, 10, 11, 11, 11, 11, 11, 11, 12, 12, 13, 13, 13, 13, 14, 14, 14, 14, 15, 15, 15, 15, 15, 16, 16, 17, 17, 17, 18, 18, 18, 18, 18, 19, 19, 20, 20, 20, 20, 20, 21, 21, 21, 21, 22, 22, 22, 22, 23, 23, 23, 23, 23, 23, 24, 24, 24, 24, 25, 25, 25, 26, 26, 26, 26, 27, 27, 27, 27, 27, 28, 28, 28, 29, 29, 29, 29, 29, 30, 30, 30, 30, 31, 31, 32, 32, 32, 32, 32, 32, 32, 33, 33, 33, 33, 34, 34, 34, 35, 35, 35, 35, 35, 35, 35, 36, 36, 36, 37, 37, 37, 37, 38, 38, 38, 38, 38, 39, 39, 39, 39, 39, 40, 40, 41, 41, 41, 41, 42, 42, 42, 42, 42, 43, 43, 43, 44, 44, 45, 45, 45, 46, 46, 46, 47, 47, 47, 47, 48, 48, 49, 49, 49, 50, 51, 51, 51, 51, 52, 52, 53, 53, 53, 53, 54, 54, 54, 55, 55, 55, 56, 56, 56, 57, 57, 57, 57, 58, 58, 58, 59, 60, 60, 60, 61, 61, 62, 62, 63, 63, 64, 65, 65, 67, 67, 67, 68, 70, 71, 72, 73, 73, 74, 74, 75, 75, 76, 78, 78, 79, 79, 80, 81, 82, 82, 84, 85, 88, 89, 91, 94, 96, 98, 100]]"
0.9,0.6,0.2,approval,1,39.78225806451613,101.0,250,1.0,"[[0, 1, 1, 1, 1, 1, 2, 2, 2, 3, 3, 4, 4, 5, 6, 6, 6, 7, 7, 7, 9, 9, 9, 9, 10, 10, 10, 10, 11, 11, 12, 12, 12, 12, 13, 13, 13, 13, 13, 13, 14, 14, 14, 14, 15, 15, 15, 16, 16, 16, 16, 16, 17, 17, 17, 17, 18, 18, 18, 18, 19, 19, 19, 20, 20, 20, 20, 20, 21, 22, 22, 22, 22, 22, 23, 23, 23, 24, 24, 25, 25, 25, 25, 25, 26, 26, 26, 26, 26, 27, 27, 28, 28, 29, 29, 29, 29, 29, 30, 30, 30, 31, 32, 32, 32, 33, 33, 33, 33, 34, 34, 35, 35, 35, 36, 36, 36, 36, 36, 37, 37, 37, 37, 38, 38, 38, 38, 39, 39, 39, 39, 39, 40, 40, 40, 41, 41, 41, 41, 41, 42, 42, 42, 43, 43, 43, 43, 43, 44, 44, 44, 44, 44, 45, 46, 46, 46, 47, 47, 47, 48, 48, 49, 49, 49, 50, 50, 50, 50, 51, 51, 51, 52, 52, 52, 52, 52, 52, 53, 53, 53, 54, 54, 54, 54, 55, 55, 56, 56, 56, 57, 57, 58, 58, 59, 60, 61, 61, 61, 62, 62, 62, 63, 64, 64, 64, 65, 66, 66, 67, 67, 68, 69, 70, 70, 71, 72, 72, 73, 74, 75, 75, 76, 78, 80, 80, 82, 82, 83, 83, 84, 85, 85, 87, 87, 88, 88, 88, 89, 90, 91, 92, 93, 94, 96, 96, 99, 100]]"
0.9,0.6,0.3,approval,1,40.911646586345384,102.0,250,0.0,"[[0, 1, 2, 2, 3, 3, 3, 3, 4, 5, 6, 6, 7, 8, 8, 8, 8, 8, 9, 9, 9, 10, 10, 10, 11, 11, 11, 11, 11, 11, 12, 13, 13, 13, 13, 13, 14, 14, 14, 14, 15, 15, 16, 16, 16, 16, 16, 16, 17, 17, 18, 18, 18, 18, 19, 19, 19, 19, 19, 19, 20, 20, 20, 21, 21, 21, 21, 22, 22, 22, 23, 23, 23, 24, 24, 24, 24, 25, 25, 25, 26, 26, 26, 26, 26, 26, 26, 27, 27, 27, 27, 28, 28, 29, 29, 29, 29, 29, 30, 30, 30, 30, 30, 31, 31, 31, 31, 31, 31, 32, 32, 32, 32, 32, 33, 33, 33, 34, 35, 35, 35, 35, 36, 38, 38, 38, 39, 39, 40, 40, 40, 41, 42, 42, 42, 43, 43, 43, 43, 43, 43, 44, 44, 44, 44, 44, 45, 45, 45, 46, 46, 46, 46, 48, 48, 48, 48, 49, 49, 49, 49, 49, 50, 51, 51, 51, 52, 52, 52, 53, 53, 53, 54, 55, 55, 55, 55, 55, 56, 56, 57, 57, 58, 58, 58, 58, 59, 59, 60, 61, 61, 61, 62, 62, 62, 62, 63, 63, 63, 63, 63, 64, 64, 64, 64, 65, 66, 66, 67, 67, 67, 68, 69, 70, 70, 72, 72, 73, 73, 75, 75, 75, 76, 77, 78, 80, 80, 81, 82, 82, 82, 83, 84, 84, 86, 87, 88, 89, 89, 90, 91, 92, 95, 96, 97, 98, 98, 100, 101]]"
0.85,0.4,0.1,approval,1,43.899193548387096,101.0,250,1.0,"[[0, 1, 1, 2, 2, 3, 3, 3, 4, 4, 4, 4, 5, 5, 5, 6, 8, 8, 8, 8, 9, 9, 10, 10, 11, 11, 11, 11, 12, 12, 12, 13, 13, 14, 14, 14, 15, 15, 16, 16, 17, 17, 18, 18, 19, 19, 19, 20, 20, 20, 20, 20, 21, 21, 21, 22, 22, 22, 23, 23, 23, 24, 24, 25, 25, 25, 26, 26, 26, 26, 27, 27, 28, 28, 28, 28, 28, 29, 29, 29, 29, 29, 30, 30, 31, 31, 31, 31, 31, 31, 31, 32, 32, 32, 32, 32, 33, 33, 34, 34, 35, 35, 35, 35, 36, 36, 36, 37, 37, 37, 38, 38, 38, 39, 39, 39, 39, 39, 40, 40, 40, 41, 41, 41, 42, 42, 42, 43, 43, 43, 43, 44, 44, 44, 45, 45, 45, 46, 46, 46, 47, 47, 48, 48, 48, 49, 49, 49, 50, 50, 50, 50, 50, 50, 51, 51, 51, 51, 51, 52, 52, 53, 53, 53, 54, 54, 55, 55, 55, 55, 56, 56, 57, 57, 57, 58, 58, 59, 59, 59, 60, 60, 60, 61, 61, 62, 62, 62, 63, 63, 63, 64, 64, 65, 66, 66, 67, 67, 67, 68, 69, 69, 71, 71, 72, 72, 73, 74, 74, 75, 75, 76, 77, 78, 78, 78, 79, 79, 80, 80, 80, 80, 82, 82, 82, 84, 84, 84, 85, 86, 87, 87, 87, 88, 89, 89, 90, 90, 92, 94, 94, 95, 95, 98, 98, 99, 100, 100]]"
0.85,0.4,0.2,approval,1,45.738955823293175,113.0,250,0.0,"[[1, 1, 2, 2, 2, 3, 3, 4, 4, 4, 4, 5, 6, 6, 6, 7, 7, 7, 7, 7, 8, 9, 9, 10, 11, 11, 12, 12, 12, 12, 12, 13, 14, 15, 15, 16, 16, 16, 17, 18, 18, 18, 18, 19, 19, 19, 20, 20, 20, 20, 21, 21, 21, 22, 22, 23, 23, 23, 24, 25, 25, 26, 26, 26, 26, 26, 26, 27, 28, 28, 28, 28, 28, 28, 28, 29, 29, 30, 30, 30, 31, 31, 31, 31, 32, 32, 32, 32, 33, 33, 33, 33, 33, 34, 34, 35, 35, 35, 35, 36, 36, 36, 37, 37, 37, 37, 38, 38, 38, 38, 39, 39, 40, 40, 40, 40, 40, 40, 41, 41, 41, 41, 42, 42, 42, 43, 43, 44, 44, 44, 44, 44, 45, 45, 46, 46, 46, 46, 46, 47, 47, 47, 47, 48, 48, 48, 49, 50, 50, 50, 51, 51, 51, 51, 51, 51, 51, 51, 52, 52, 52, 52, 53, 53, 54, 54, 55, 55, 55, 55, 56, 56, 56, 57, 57, 58, 59, 59, 59, 60, 60, 60, 61, 62, 62, 62, 63, 63, 63, 63, 64, 64, 65, 66, 66, 67, 68, 68, 69, 69, 70, 70, 71, 71, 73, 74, 76, 76, 76, 77, 78, 78, 79, 79, 80, 81, 81, 82, 82, 83, 84, 85, 85, 86, 88, 90, 92, 92, 92, 93, 94, 94, 96, 96, 98, 98, 100, 100, 102, 102, 102, 104, 104, 105, 107, 108, 109, 110, 112]]"
0.85,0.4,0.3,approval,1,40.149193548387096,105.0,250,1.0,"[[0, 1, 1, 2, 2, 2, 3, 3, 3, 4, 4, 5, 5, 5, 5, 5, 6, 6, 6, 6, 7, 7, 8, 8, 8, 8, 9, 9, 9, 10, 10, 11, 11, 11, 11, 11, 12, 12, 13, 13, 13, 14, 14, 14, 14, 14, 15, 15, 15, 15, 16, 16, 16, 16, 17, 17, 17, 18, 18, 18, 19, 19, 19, 19, 19, 20, 20, 20, 20, 21, 21, 21, 22, 22, 22, 22, 22, 23, 23, 23, 25, 25, 25, 25, 26, 26, 26, 26, 27, 28, 28, 28, 28, 29, 29, 29, 29, 29, 30, 30, 31, 31, 32, 32, 32, 32, 33, 33, 33, 34, 34, 34, 35, 35, 36, 36, 36, 37, 37, 37, 37, 37, 38, 38, 39, 39, 39, 39, 39, 40, 40, 41, 42, 42, 42, 42, 43, 43, 44, 44, 44, 44, 45, 45, 45, 45, 46, 46, 46, 46, 46, 47, 47, 47, 47, 47, 48, 48, 48, 49, 49, 49, 49, 50, 50, 50, 50, 51, 52, 52, 52, 52, 53, 53, 53, 54, 54, 54, 54, 54, 55, 55, 55, 55, 56, 56, 56, 57, 57, 58, 58, 58, 58, 59, 59, 59, 60, 60, 60, 61, 61, 62, 62, 62, 63, 63, 64, 64, 66, 66, 68, 68, 69, 69, 72, 72, 73, 73, 74, 75, 76, 77, 77, 78, 79, 80, 81, 82, 82, 83, 83, 84, 85, 86, 86, 87, 90, 90, 92, 93, 94, 94, 95, 98, 99, 102, 104, 104]]"
0.85,0.5,0.1,approval,1,40.45344129554656,112.0,250,2.0,"[[0, 1, 1, 1, 1, 1, 1, 2, 2, 2, 2, 3, 4, 5, 5, 6, 6, 7, 7, 7, 7, 8, 8, 9, 9, 9, 9, 10, 10, 10, 10, 10, 11, 11, 11, 11, 11, 11, 12, 12, 12, 12, 13, 13, 14, 14, 15, 15, 15, 16, 16, 16, 16, 17, 17, 18, 18, 18, 18, 18, 19, 19, 20, 20, 20, 21, 21, 21, 21, 21, 21, 22, 22, 22, 23, 23, 23, 23, 24, 24, 24, 25, 25, 25, 26, 26, 26, 26, 26, 27, 27, 27, 27, 28, 28, 28, 28, 29, 29, 29, 30, 30, 30, 31, 31, 31, 32, 32, 33, 33, 33, 34, 34, 34, 34, 34, 35, 36, 36, 36, 36, 37, 37, 38, 38, 38, 39, 39, 39, 39, 39, 40, 40, 40, 41, 41, 41, 42, 42, 42, 43, 44, 44, 44, 44, 44, 45, 45, 45, 45, 46, 46, 46, 46, 47, 47, 47, 47, 48, 48, 48, 48, 48, 48, 49, 49, 50, 50, 50, 50, 51, 51, 52, 52, 52, 52, 53, 54, 54, 54, 54, 55, 56, 56, 57, 57, 58, 59, 60, 60, 61, 61, 62, 62, 62, 62, 62, 63, 64, 65, 65, 65, 65, 66, 67, 67, 68, 68, 68, 70, 70, 71, 71, 72, 74, 74, 75, 76, 76, 77, 77, 77, 78, 80, 81, 82, 82, 84, 84, 86, 86, 87, 88, 89, 92, 93, 95, 96, 97, 98, 102, 104, 106, 106, 108, 109, 111]]"
0.85,0.5,0.2,approval,1,41.17338709677419,103.0,250,1.0,"[[0, 0, 1, 1, 2, 2, 2, 3, 3, 3, 3, 3, 4, 4, 5, 5, 5, 6, 6, 7, 7, 7, 7, 9, 9, 9, 9, 10, 10, 11, 11, 12, 12, 13, 13, 13, 14, 15, 15, 16, 16, 16, 17, 17, 17, 18, 18, 18, 18, 19, 19, 19, 20, 20, 20, 20, 20, 21, 21, 21, 22, 22, 22, 22, 22, 23, 23, 23, 24, 24, 25, 25, 25, 26, 26, 26, 26, 26, 27, 27, 27, 27, 28, 28, 28, 28, 28, 29, 29, 29, 30, 30, 30, 30, 30, 31, 31, 31, 32, 32, 32, 33, 33, 34, 34, 34, 34, 35, 35, 35, 35, 35, 35, 35, 36, 36, 37, 37, 37, 37, 37, 38, 38, 38, 38, 38, 38, 38, 39, 39, 39, 39, 40, 40, 40, 41, 41, 41, 41, 41, 42, 42, 43, 43, 43, 43, 43, 44, 44, 44, 45, 45, 45, 46, 46, 46, 46, 47, 48, 48, 48, 48, 49, 50, 50, 51, 51, 51, 51, 52, 52, 52, 53, 53, 53, 53, 54, 54, 54, 54, 55, 55, 55, 55, 56, 56, 57, 57, 57, 57, 57, 58, 59, 60, 60, 61, 61, 62, 63, 64, 64, 65, 65, 65, 65, 66, 67, 68, 69, 70, 70, 71, 72, 72, 73, 74, 75, 76, 76, 77, 78, 78, 79, 80, 81, 81, 82, 83, 84, 84, 87, 88, 89, 90, 90, 91, 92, 92, 95, 95, 95, 96, 97, 97, 98, 98, 99, 102]]"
0.85,0.5,0.3,approval,1,42.028112449799195,113.0,250,0.0,"[[0, 1, 1, 1, 1, 2, 2, 2, 2, 2, 3, 4, 5, 5, 6, 6, 6, 6, 7, 7, 8, 8, 9, 9, 9, 9, 9, 10, 10, 10, 11, 12, 12, 12, 13, 13, 13, 13, 14, 14, 14, 14, 15, 15, 15, 15, 16, 16, 17, 17, 17, 17, 18, 18, 18, 19, 19, 19, 19, 19, 20, 20, 20, 21, 21, 21, 21, 21, 22, 22, 22, 23, 23, 23, 24, 24, 24, 24, 25, 25, 25, 26, 26, 26, 27, 27, 27, 27, 27, 28, 28, 28, 28, 28, 29, 29, 30, 30, 30, 30, 30, 31, 31, 31, 31, 31, 32, 32, 32, 33, 33, 33, 33, 33, 33, 34, 34, 34, 35, 35, 36, 36, 36, 37, 37, 37, 37, 38, 38, 39, 39, 39, 39, 40, 41, 41, 43, 43, 43, 43, 44, 45, 45, 45, 46, 46, 46, 46, 46, 47, 47, 47, 47, 48, 49, 49, 49, 49, 50, 50, 51, 51, 52, 52, 52, 53, 53, 53, 53, 54, 54, 55, 55, 55, 56, 56, 57, 57, 58, 58, 58, 58, 59, 59, 60, 60, 60, 61, 61, 62, 62, 62, 63, 63, 63, 64, 65, 65, 65, 66, 66, 66, 67, 68, 68, 70, 70, 70, 70, 71, 72, 73, 73, 74, 75, 76, 77, 78, 79, 80, 81, 82, 83, 83, 83, 84, 86, 87, 87, 87, 89, 90, 90, 90, 91, 92, 92, 95, 96, 97, 98, 99, 99, 102, 104, 106, 108, 108, 112]]"
0.85,0.6,0.1,approval,1,40.17670682730924,95.0,250,0.0,"[[1, 1, 2, 2, 2, 2, 3, 3, 3, 3, 4, 4, 5, 5, 5, 5, 5, 6, 6, 7, 7, 8, 8, 8, 8, 8, 9, 9, 9, 10, 10, 10, 10, 11, 11, 11, 12, 12, 12, 12, 13, 13, 13, 14, 14, 14, 15, 15, 15, 15, 16, 17, 17, 17, 17, 17, 18, 18, 19, 19, 19, 20, 20, 21, 21, 21, 21, 21, 22, 22, 23, 23, 23, 23, 23, 23, 24, 24, 24, 24, 25, 25, 25, 25, 26, 26, 26, 26, 27, 27, 27, 28, 28, 29, 29, 29, 29, 29, 31, 31, 31, 31, 32, 32, 32, 33, 33, 33, 34, 34, 34, 34, 35, 35, 35, 35, 36, 37, 37, 37, 37, 37, 37, 38, 38, 38, 38, 38, 39, 39, 39, 39, 41, 42, 43, 43, 43, 43, 44, 44, 44, 45, 45, 45, 46, 46, 46, 47, 47, 47, 47, 48, 48, 48, 49, 49, 49, 49, 50, 50, 50, 51, 51, 52, 52, 52, 52, 52, 53, 53, 53, 54, 54, 54, 55, 55, 55, 56, 56, 56, 57, 57, 57, 58, 58, 58, 58, 58, 59, 59, 59, 59, 60, 60, 60, 60, 61, 61, 62, 63, 64, 64, 66, 66, 66, 66, 67, 67, 67, 67, 68, 69, 70, 70, 70, 71, 71, 72, 72, 73, 73, 74, 74, 74, 76, 77, 77, 78, 79, 80, 80, 81, 82, 82, 82, 83, 83, 83, 84, 84, 85, 86, 87, 88, 88, 90, 91, 93, 94]]"
0.85,0.6,0.2,approval,1,43.16129032258065,119.0,250,1.0,"[[1, 1, 2, 2, 2, 3, 4, 4, 4, 4, 5, 5, 6, 6, 7, 7, 7, 7, 8, 8, 9, 9, 9, 10, 10, 10, 11, 11, 11, 12, 12, 13, 13, 14, 14, 14, 14, 14, 15, 15, 15, 15, 15, 16, 16, 16, 16, 16, 16, 17, 17, 17, 17, 17, 17, 17, 17, 18, 18, 18, 18, 19, 19, 19, 19, 19, 20, 20, 20, 20, 20, 20, 21, 21, 22, 22, 22, 22, 23, 23, 23, 23, 23, 24, 24, 24, 24, 25, 26, 26, 27, 27, 28, 28, 28, 28, 29, 29, 29, 30, 30, 30, 31, 31, 32, 32, 32, 33, 33, 33, 33, 34, 34, 35, 35, 36, 36, 37, 37, 38, 38, 38, 39, 40, 40, 40, 40, 41, 41, 42, 42, 42, 42, 43, 43, 43, 44, 44, 44, 45, 45, 45, 46, 46, 46, 46, 46, 47, 47, 48, 48, 48, 49, 50, 50, 50, 51, 51, 52, 52, 52, 53, 53, 53, 53, 54, 54, 54, 54, 55, 55, 55, 56, 56, 56, 56, 57, 58, 58, 58, 59, 59, 59, 59, 60, 61, 61, 61, 63, 63, 64, 64, 65, 65, 66, 67, 68, 68, 69, 70, 70, 71, 71, 72, 72, 73, 73, 74, 75, 76, 77, 78, 79, 79, 81, 83, 83, 83, 84, 85, 85, 85, 86, 87, 87, 88, 88, 90, 91, 91, 93, 93, 94, 94, 96, 97, 97, 99, 100, 102, 104, 106, 108, 109, 112, 114, 116, 118]]"
0.85,0.6,0.3,approval,1,40.7710843373494,110.0,250,0.0,"[[0, 0, 1, 1, 1, 2, 2, 2, 3, 3, 3, 4, 4, 4, 5, 5, 5, 6, 6, 7, 7, 8, 8, 9, 9, 9, 9, 10, 10, 10, 10, 10, 11, 11, 11, 12, 12, 12, 12, 13, 13, 14, 14, 14, 14, 14, 14, 14, 15, 15, 16, 17, 17, 17, 17, 18, 18, 19, 19, 19, 20, 20, 21, 21, 21, 22, 22, 22, 23, 23, 24, 24, 24, 24, 24, 24, 24, 25, 26, 26, 26, 27, 27, 27, 27, 28, 28, 28, 28, 29, 29, 29, 29, 30, 30, 30, 31, 31, 31, 32, 33, 33, 33, 33, 33, 34, 34, 34, 34, 34, 35, 35, 35, 35, 36, 36, 36, 36, 36, 38, 38, 38, 38, 39, 39, 39, 39, 39, 40, 40, 41, 41, 41, 41, 41, 41, 42, 42, 42, 43, 43, 44, 44, 45, 45, 45, 45, 45, 46, 46, 46, 46, 47, 47, 47, 47, 47, 48, 48, 48, 49, 49, 49, 50, 50, 50, 51, 51, 51, 51, 52, 52, 52, 52, 52, 53, 53, 53, 53, 54, 54, 55, 55, 55, 56, 56, 56, 56, 56, 57, 57, 57, 57, 57, 58, 59, 59, 59, 60, 60, 61, 62, 62, 63, 64, 64, 65, 66, 67, 67, 68, 69, 70, 71, 72, 72, 74, 74, 75, 76, 77, 77, 78, 78, 79, 80, 81, 81, 82, 83, 84, 84, 85, 86, 86, 87, 89, 90, 92, 93, 94, 97, 98, 100, 101, 103, 105, 107, 109]]"
0.95,0.4,0.1,cumulative,1,35.28112449799197,86.0,250,0.0,"[[1, 1, 1, 2, 2, 2, 2, 3, 3, 3, 4, 4, 4, 4, 4, 5, 5, 5, 6, 6, 7, 7, 7, 7, 8, 8, 9, 10, 10, 10, 10, 11, 11, 11, 11, 12, 12, 12, 13, 13, 13, 14, 14, 14, 14, 14, 15, 15, 15, 15, 16, 16, 16, 16, 17, 17, 17, 18, 18, 18, 18, 18, 18, 19, 19, 19, 19, 20, 20, 20, 20, 21, 21, 21, 21, 21, 21, 22, 22, 22, 22, 23, 23, 23, 23, 23, 24, 24, 24, 24, 24, 24, 25, 25, 26, 26, 26, 26, 26, 27, 27, 27, 27, 28, 28, 28, 28, 29, 29, 29, 29, 30, 30, 30, 30, 30, 30, 31, 31, 32, 32, 32, 32, 32, 33, 33, 33, 33, 34, 34, 34, 35, 35, 35, 35, 35, 35, 36, 36, 36, 36, 36, 37, 37, 38, 38, 38, 38, 38, 39, 39, 39, 39, 40, 41, 41, 41, 42, 42, 42, 42, 43, 44, 44, 44, 45, 45, 45, 45, 46, 46, 46, 47, 47, 47, 48, 48, 48, 49, 49, 50, 50, 50, 50, 50, 51, 51, 51, 51, 51, 52, 52, 52, 53, 53, 53, 53, 53, 53, 54, 54, 55, 55, 55, 55, 56, 57, 57, 57, 58, 58, 59, 59, 61, 61, 62, 62, 63, 64, 64, 64, 65, 65, 66, 66, 67, 68, 70, 70, 71, 71, 72, 73, 73, 74, 74, 75, 75, 77, 78, 80, 80, 80, 81, 82, 82, 82, 84, 85]]"
0.95,0.4,0.2,cumulative,1,36.58232931726908,96.0,250,0.0,"[[0, 0, 0, 1, 1, 2, 2, 2, 2, 2, 2, 3, 3, 3, 3, 3, 3, 4, 4, 4, 5, 5, 5, 6, 6, 6, 7, 7, 7, 8, 9, 9, 9, 9, 10, 10, 10, 11, 11, 11, 11, 11, 11, 12, 12, 13, 13, 13, 13, 13, 13, 14, 14, 15, 15, 15, 15, 16, 16, 16, 17, 17, 17, 17, 17, 17, 18, 18, 18, 19, 19, 19, 20, 20, 20, 20, 21, 21, 21, 21, 21, 21, 22, 22, 22, 22, 23, 23, 23, 23, 24, 24, 25, 25, 25, 26, 26, 26, 26, 27, 27, 27, 27, 27, 27, 28, 28, 28, 28, 29, 29, 29, 29, 30, 30, 30, 30, 31, 31, 31, 32, 32, 32, 32, 33, 33, 33, 34, 34, 34, 35, 35, 35, 35, 36, 36, 36, 37, 37, 37, 37, 37, 38, 39, 39, 39, 39, 40, 40, 41, 41, 42, 42, 42, 42, 43, 44, 44, 45, 45, 46, 46, 46, 46, 47, 47, 47, 47, 48, 48, 49, 49, 49, 49, 50, 51, 51, 51, 51, 52, 52, 52, 52, 53, 53, 53, 53, 53, 54, 54, 55, 55, 55, 56, 56, 56, 57, 57, 58, 58, 58, 59, 59, 59, 60, 61, 61, 63, 63, 63, 64, 64, 65, 66, 66, 68, 68, 68, 69, 70, 70, 71, 72, 73, 73, 73, 74, 75, 76, 78, 79, 79, 80, 81, 81, 82, 82, 84, 84, 85, 85, 86, 87, 87, 89, 92, 94, 94, 95]]"
0.95,0.4,0.3,cumulative,1,37.95564516129032,90.0,250,1.0,"[[0, 0, 1, 1, 1, 1, 2, 2, 2, 3, 3, 4, 4, 6, 6, 7, 7, 7, 8, 8, 8, 9, 9, 9, 10, 10, 10, 10, 10, 11, 11, 11, 12, 12, 12, 12, 13, 13, 13, 13, 13, 14, 14, 14, 14, 15, 15, 15, 15, 15, 16, 16, 16, 16, 17, 17, 18, 18, 18, 18, 18, 18, 19, 19, 19, 20, 20, 20, 21, 21, 21, 21, 22, 23, 23, 23, 23, 23, 23, 24, 24, 25, 25, 25, 26, 26, 27, 27, 27, 27, 28, 28, 28, 28, 29, 29, 30, 30, 30, 30, 31, 31, 31, 32, 32, 33, 33, 33, 33, 33, 33, 33, 33, 34, 34, 35, 35, 35, 35, 36, 36, 37, 37, 37, 37, 37, 38, 38, 38, 38, 39, 39, 39, 39, 40, 40, 41, 41, 42, 43, 43, 43, 43, 43, 44, 44, 44, 44, 44, 45, 45, 45, 46, 46, 46, 46, 47, 47, 47, 47, 47, 47, 48, 48, 48, 49, 49, 49, 49, 50, 50, 50, 50, 51, 51, 52, 52, 52, 52, 53, 54, 54, 54, 55, 55, 55, 56, 56, 56, 57, 57, 57, 58, 58, 58, 58, 58, 58, 60, 60, 60, 60, 60, 60, 60, 61, 62, 62, 62, 62, 62, 63, 64, 64, 65, 65, 65, 66, 66, 67, 67, 67, 68, 68, 69, 69, 69, 70, 70, 71, 72, 72, 73, 73, 75, 75, 75, 77, 77, 79, 80, 82, 82, 84, 85, 86, 87, 89]]"
0.95,0.5,0.1,cumulative,1,34.42570281124498,87.0,250,0.0,"[[0, 0, 0, 1, 1, 2, 2, 2, 2, 3, 4, 4, 4, 4, 5, 5, 5, 6, 6, 7, 8, 8, 8, 9, 9, 10, 10, 10, 10, 10, 10, 10, 10, 11, 12, 12, 12, 12, 12, 12, 13, 13, 13, 13, 13, 13, 14, 14, 14, 15, 15, 15, 15, 16, 16, 16, 16, 16, 16, 16, 17, 17, 17, 17, 17, 18, 18, 18, 18, 19, 19, 19, 19, 19, 20, 20, 20, 20, 21, 21, 21, 21, 21, 22, 22, 22, 23, 23, 23, 23, 23, 24, 24, 24, 24, 25, 25, 25, 26, 26, 26, 26, 26, 27, 27, 27, 27, 28, 28, 28, 29, 29, 29, 29, 29, 29, 30, 30, 30, 30, 30, 30, 31, 31, 31, 31, 32, 32, 32, 32, 33, 33, 33, 33, 33, 33, 34, 34, 35, 35, 35, 35, 36, 36, 36, 36, 36, 36, 36, 37, 38, 38, 38, 38, 38, 38, 39, 40, 40, 40, 40, 41, 41, 42, 42, 42, 43, 43, 43, 44, 44, 45, 45, 45, 45, 46, 46, 46, 47, 47, 47, 47, 48, 48, 48, 48, 49, 49, 50, 50, 50, 50, 51, 52, 52, 52, 53, 54, 54, 54, 55, 55, 56, 56, 56, 57, 58, 58, 58, 58, 60, 60, 61, 61, 62, 62, 62, 62, 63, 63, 64, 65, 65, 66, 67, 67, 68, 69, 70, 71, 71, 71, 72, 72, 73, 76, 76, 76, 77, 78, 78, 79, 80, 81, 81, 81, 83, 84, 86]]"
0.95,0.5,0.2,cumulative,1,36.18875502008032,109.0,250,0.0,"[[1, 1, 1, 2, 2, 2, 2, 2, 3, 3, 3, 4, 4, 4, 5, 5, 5, 6, 7, 7, 8, 8, 8, 8, 8, 9, 9, 10, 10, 10, 10, 10, 10, 11, 11, 11, 12, 12, 12, 12, 12, 13, 13, 13, 14, 14, 14, 14, 15, 15, 15, 15, 15, 16, 16, 16, 17, 17, 17, 17, 17, 18, 18, 18, 18, 18, 18, 18, 19, 19, 20, 20, 20, 20, 21, 21, 21, 21, 21, 21, 22, 22, 22, 23, 23, 23, 23, 23, 24, 24, 24, 24, 25, 25, 25, 25, 25, 26, 26, 26, 27, 27, 27, 28, 28, 28, 28, 28, 29, 29, 29, 29, 30, 31, 31, 31, 31, 31, 31, 32, 32, 32, 32, 32, 33, 33, 33, 34, 34, 34, 34, 35, 35, 35, 35, 35, 35, 36, 36, 36, 37, 37, 37, 38, 38, 38, 38, 38, 38, 39, 39, 40, 40, 40, 40, 40, 40, 40, 41, 41, 41, 41, 42, 42, 43, 43, 43, 43, 43, 44, 44, 44, 44, 45, 45, 45, 45, 46, 46, 46, 47, 47, 47, 47, 47, 48, 49, 49, 49, 49, 50, 50, 51, 51, 52, 52, 53, 54, 54, 55, 55, 56, 56, 57, 57, 57, 57, 58, 58, 59, 59, 60, 61, 62, 62, 63, 63, 64, 64, 66, 66, 66, 68, 69, 70, 71, 73, 74, 75, 77, 78, 79, 80, 83, 84, 86, 89, 89, 91, 92, 95, 95, 98, 98, 101, 101, 103, 104, 108]]"
0.95,0.5,0.3,cumulative,1,35.570281124497996,93.0,250,0.0,"[[0, 1, 1, 1, 1, 2, 2, 2, 2, 3, 3, 3, 4, 5, 6, 6, 6, 6, 7, 7, 7, 8, 8, 8, 9, 9, 9, 9, 10, 10, 10, 10, 11, 12, 12, 12, 12, 12, 12, 13, 13, 13, 13, 13, 13, 14, 14, 15, 15, 15, 15, 15, 15, 15, 16, 16, 16, 17, 17, 17, 17, 18, 18, 18, 19, 19, 19, 19, 19, 20, 20, 21, 21, 21, 21, 21, 21, 22, 22, 22, 23, 23, 23, 24, 24, 25, 25, 25, 25, 26, 26, 26, 27, 27, 27, 27, 27, 28, 28, 28, 28, 29, 29, 29, 29, 29, 30, 30, 30, 30, 30, 31, 31, 31, 32, 32, 32, 32, 32, 32, 33, 33, 33, 34, 34, 34, 35, 35, 36, 36, 36, 36, 36, 37, 37, 37, 37, 37, 37, 37, 38, 38, 38, 38, 39, 39, 39, 39, 39, 40, 40, 40, 40, 40, 41, 41, 41, 41, 42, 42, 42, 43, 43, 43, 43, 43, 44, 44, 44, 45, 45, 45, 46, 46, 46, 46, 46, 47, 47, 48, 48, 48, 48, 48, 49, 49, 49, 49, 50, 50, 50, 50, 50, 52, 52, 52, 53, 53, 54, 54, 55, 55, 56, 56, 57, 57, 57, 58, 58, 58, 58, 59, 59, 60, 60, 60, 61, 61, 62, 63, 63, 64, 64, 66, 68, 69, 69, 70, 70, 70, 71, 71, 73, 74, 76, 76, 77, 78, 78, 79, 79, 81, 82, 84, 84, 86, 86, 90, 92]]"
0.95,0.6,0.1,cumulative,1,36.95180722891566,90.0,250,0.0,"[[0, 0, 1, 1, 1, 1, 2, 2, 2, 2, 2, 3, 3, 4, 4, 4, 5, 6, 6, 7, 7, 8, 9, 9, 9, 9, 10, 10, 10, 11, 11, 12, 12, 12, 12, 12, 12, 12, 13, 13, 13, 13, 14, 14, 14, 14, 15, 15, 15, 15, 15, 15, 16, 16, 16, 17, 17, 17, 17, 17, 17, 18, 18, 18, 19, 19, 19, 19, 19, 20, 20, 20, 20, 21, 21, 21, 21, 22, 22, 22, 22, 22, 23, 23, 23, 24, 24, 24, 24, 25, 25, 25, 25, 25, 25, 26, 26, 26, 26, 27, 27, 27, 27, 27, 28, 28, 28, 28, 28, 28, 29, 29, 29, 29, 30, 31, 31, 31, 31, 31, 32, 32, 32, 32, 33, 33, 33, 34, 34, 34, 34, 35, 35, 35, 36, 36, 36, 37, 37, 38, 38, 38, 39, 40, 41, 41, 41, 43, 43, 44, 44, 44, 44, 44, 44, 45, 45, 45, 46, 46, 46, 46, 46, 46, 47, 47, 47, 48, 48, 48, 49, 49, 49, 50, 50, 51, 52, 52, 52, 53, 53, 54, 54, 54, 55, 55, 55, 56, 56, 56, 56, 56, 57, 57, 57, 57, 58, 58, 58, 59, 59, 59, 60, 60, 60, 60, 60, 61, 62, 62, 62, 63, 63, 64, 64, 64, 65, 65, 66, 66, 67, 67, 69, 70, 71, 71, 73, 73, 75, 75, 76, 77, 78, 78, 79, 80, 80, 81, 82, 83, 83, 84, 85, 85, 86, 86, 88, 88, 89]]"
0.95,0.6,0.2,cumulative,1,36.653225806451616,91.0,250,1.0,"[[0, 2, 2, 2, 2, 2, 2, 3, 4, 4, 4, 5, 5, 6, 7, 7, 8, 8, 8, 9, 9, 10, 10, 10, 10, 11, 11, 11, 12, 12, 12, 12, 12, 13, 13, 13, 13, 14, 14, 14, 15, 15, 15, 15, 16, 16, 17, 17, 17, 18, 18, 18, 18, 18, 19, 19, 19, 19, 19, 19, 20, 20, 20, 21, 21, 21, 21, 21, 21, 21, 22, 22, 22, 22, 23, 23, 23, 24, 24, 24, 24, 24, 24, 24, 25, 25, 25, 25, 25, 26, 26, 26, 27, 27, 27, 27, 27, 27, 28, 28, 28, 28, 28, 29, 29, 29, 29, 29, 30, 30, 30, 30, 30, 31, 31, 31, 32, 32, 32, 32, 33, 33, 33, 33, 33, 34, 34, 34, 34, 35, 35, 35, 35, 36, 36, 36, 36, 37, 37, 37, 38, 38, 38, 38, 38, 39, 39, 39, 40, 40, 40, 40, 41, 41, 41, 41, 42, 42, 42, 42, 43, 43, 44, 44, 44, 44, 45, 45, 45, 45, 46, 46, 47, 47, 47, 48, 48, 48, 48, 48, 49, 50, 50, 50, 50, 50, 50, 51, 51, 52, 52, 52, 53, 53, 53, 54, 54, 55, 55, 55, 56, 57, 57, 58, 58, 58, 59, 59, 60, 60, 60, 61, 62, 62, 63, 63, 65, 66, 67, 67, 68, 69, 69, 70, 71, 72, 74, 74, 75, 76, 76, 77, 77, 78, 79, 79, 80, 81, 82, 82, 83, 84, 85, 85, 86, 87, 88, 90]]"
0.95,0.6,0.3,cumulative,1,37.71887550200803,95.0,250,0.0,"[[0, 0, 1, 1, 1, 1, 2, 2, 2, 3, 3, 3, 3, 4, 4, 5, 5, 6, 6, 6, 7, 7, 7, 7, 7, 8, 8, 10, 10, 11, 11, 11, 11, 11, 11, 12, 12, 12, 12, 12, 13, 13, 14, 14, 14, 14, 14, 14, 15, 15, 16, 16, 16, 16, 16, 16, 17, 17, 17, 17, 17, 18, 18, 19, 19, 19, 19, 19, 19, 20, 20, 20, 21, 21, 22, 22, 22, 22, 22, 23, 23, 23, 24, 24, 24, 25, 25, 25, 25, 25, 26, 26, 26, 27, 27, 28, 28, 28, 28, 28, 28, 29, 29, 29, 29, 29, 30, 30, 30, 30, 31, 31, 31, 31, 31, 31, 32, 32, 32, 32, 33, 33, 33, 33, 34, 34, 34, 35, 35, 35, 35, 36, 36, 36, 36, 37, 37, 37, 38, 38, 38, 39, 39, 39, 39, 39, 39, 40, 40, 41, 41, 41, 41, 41, 42, 42, 42, 43, 43, 44, 44, 44, 44, 45, 45, 45, 46, 47, 47, 47, 47, 48, 48, 49, 49, 50, 50, 51, 51, 51, 51, 52, 52, 52, 53, 54, 54, 55, 55, 55, 56, 56, 56, 57, 57, 59, 59, 59, 60, 61, 61, 61, 62, 62, 63, 63, 63, 64, 64, 65, 66, 66, 67, 67, 67, 68, 69, 70, 70, 71, 72, 72, 73, 75, 75, 75, 76, 77, 77, 78, 80, 81, 82, 84, 84, 86, 86, 86, 88, 88, 89, 90, 91, 91, 92, 93, 93, 93, 94]]"
0.9,0.4,0.1,cumulative,1,38.375,146.0,250,1.0,"[[0, 1, 1, 2, 2, 2, 2, 3, 3, 3, 3, 3, 4, 4, 4, 5, 5, 5, 5, 6, 6, 7, 7, 7, 7, 7, 8, 8, 9, 9, 9, 9, 10, 10, 10, 11, 11, 11, 11, 11, 11, 12, 12, 12, 12, 12, 13, 13, 13, 14, 14, 14, 14, 14, 15, 15, 15, 15, 16, 16, 16, 17, 17, 17, 17, 17, 18, 18, 18, 19, 20, 20, 20, 21, 21, 21, 22, 22, 22, 23, 23, 24, 24, 24, 24, 24, 24, 25, 25, 25, 26, 26, 26, 26, 27, 27, 27, 28, 28, 28, 28, 28, 29, 29, 29, 29, 30, 30, 30, 31, 31, 31, 31, 32, 32, 32, 32, 32, 32, 33, 33, 33, 33, 34, 34, 34, 34, 34, 35, 35, 35, 35, 36, 36, 36, 37, 37, 37, 37, 37, 38, 38, 38, 38, 38, 38, 39, 39, 40, 40, 40, 40, 41, 41, 41, 41, 43, 43, 43, 43, 44, 44, 45, 45, 46, 46, 46, 46, 47, 47, 47, 47, 48, 48, 49, 49, 49, 50, 50, 50, 51, 51, 52, 52, 53, 55, 55, 55, 55, 55, 55, 56, 56, 57, 57, 57, 58, 58, 58, 60, 60, 61, 61, 61, 63, 63, 64, 65, 66, 66, 67, 68, 68, 69, 69, 70, 71, 71, 72, 72, 73, 73, 75, 75, 76, 76, 79, 81, 82, 85, 86, 87, 89, 90, 92, 93, 95, 96, 98, 100, 101, 102, 104, 105, 107, 108, 143, 145]]"
0.9,0.4,0.2,cumulative,1,38.87951807228916,96.0,250,0.0,"[[0, 0, 1, 1, 2, 2, 2, 2, 2, 3, 3, 5, 5, 5, 5, 6, 7, 7, 7, 7, 8, 8, 8, 9, 9, 9, 10, 10, 10, 10, 10, 11, 11, 11, 11, 12, 12, 12, 12, 13, 13, 13, 13, 13, 13, 14, 14, 14, 14, 15, 15, 15, 16, 16, 16, 16, 17, 17, 17, 17, 18, 18, 18, 18, 19, 19, 19, 20, 20, 21, 21, 21, 22, 22, 22, 22, 23, 23, 23, 23, 23, 23, 24, 24, 24, 25, 25, 26, 26, 26, 26, 27, 27, 27, 27, 27, 28, 29, 29, 29, 29, 30, 30, 31, 31, 31, 32, 32, 32, 33, 33, 33, 34, 34, 34, 34, 34, 35, 35, 35, 36, 36, 36, 36, 36, 36, 37, 37, 37, 37, 38, 39, 39, 39, 40, 40, 41, 41, 42, 42, 42, 42, 42, 42, 43, 43, 44, 44, 45, 45, 45, 45, 46, 46, 46, 46, 47, 47, 47, 48, 48, 49, 49, 49, 50, 50, 50, 50, 51, 51, 52, 52, 52, 52, 53, 53, 54, 54, 55, 55, 55, 55, 56, 56, 56, 56, 57, 57, 57, 58, 58, 58, 59, 59, 59, 60, 60, 60, 61, 62, 62, 62, 62, 63, 63, 64, 64, 65, 65, 67, 67, 67, 68, 68, 68, 69, 69, 70, 70, 71, 72, 72, 72, 73, 74, 74, 75, 76, 76, 77, 77, 78, 78, 79, 80, 81, 81, 82, 82, 83, 84, 85, 87, 88, 90, 91, 92, 93, 95]]"
0.9,0.4,0.3,cumulative,1,38.71084337349398,96.0,250,0.0,"[[0, 0, 0, 1, 1, 2, 2, 2, 3, 4, 4, 6, 6, 7, 8, 9, 9, 10, 10, 10, 11, 11, 12, 12, 12, 12, 12, 13, 13, 13, 13, 14, 14, 15, 15, 15, 15, 16, 16, 16, 16, 16, 16, 17, 17, 17, 18, 18, 18, 18, 19, 19, 19, 19, 19, 20, 20, 20, 21, 21, 21, 21, 22, 22, 22, 23, 23, 23, 23, 24, 24, 24, 24, 24, 24, 25, 25, 25, 25, 25, 26, 26, 26, 26, 27, 27, 27, 27, 28, 28, 28, 28, 28, 28, 29, 29, 29, 30, 30, 30, 31, 31, 31, 31, 31, 31, 31, 33, 33, 33, 33, 33, 33, 34, 34, 34, 34, 34, 35, 35, 35, 36, 36, 37, 37, 37, 37, 37, 38, 38, 39, 39, 40, 40, 40, 40, 41, 41, 41, 42, 42, 42, 42, 43, 43, 44, 44, 44, 44, 45, 45, 45, 45, 45, 46, 46, 46, 46, 46, 47, 47, 47, 48, 48, 48, 48, 49, 49, 49, 49, 49, 49, 49, 50, 50, 50, 50, 50, 51, 51, 51, 51, 52, 52, 52, 52, 53, 53, 54, 54, 55, 55, 56, 56, 57, 57, 57, 58, 58, 58, 59, 59, 59, 59, 60, 60, 60, 60, 61, 61, 61, 61, 62, 62, 63, 63, 63, 64, 64, 64, 65, 65, 67, 67, 68, 69, 70, 70, 71, 72, 73, 73, 74, 75, 77, 77, 79, 80, 81, 84, 85, 87, 88, 89, 90, 91, 92, 94, 95]]"
0.9,0.5,0.1,cumulative,1,37.140562248995984,85.0,250,0.0,"[[1, 1, 2, 2, 2, 2, 2, 3, 4, 4, 4, 4, 5, 5, 6, 6, 6, 6, 6, 7, 7, 7, 8, 8, 8, 9, 9, 9, 10, 10, 10, 10, 11, 11, 11, 12, 12, 12, 12, 12, 12, 13, 13, 13, 13, 14, 14, 14, 15, 15, 15, 16, 16, 16, 16, 16, 16, 17, 17, 17, 18, 18, 18, 18, 18, 19, 19, 20, 20, 20, 21, 21, 21, 21, 22, 22, 22, 22, 23, 24, 24, 24, 24, 24, 24, 25, 26, 26, 26, 26, 27, 27, 27, 27, 27, 27, 28, 29, 29, 29, 29, 30, 30, 30, 30, 30, 32, 32, 32, 32, 33, 33, 33, 34, 35, 35, 35, 36, 36, 36, 36, 36, 37, 37, 38, 38, 38, 38, 39, 39, 39, 40, 40, 40, 40, 41, 41, 41, 41, 41, 42, 42, 42, 42, 43, 43, 43, 44, 44, 44, 44, 44, 44, 44, 45, 45, 45, 45, 45, 46, 46, 46, 46, 47, 47, 47, 47, 47, 48, 48, 48, 49, 49, 49, 50, 50, 50, 50, 51, 51, 52, 52, 52, 53, 53, 53, 53, 54, 54, 54, 55, 55, 56, 56, 56, 56, 57, 58, 58, 58, 59, 59, 60, 60, 60, 60, 61, 61, 62, 62, 62, 62, 63, 63, 63, 64, 64, 65, 65, 66, 66, 67, 67, 67, 68, 68, 68, 69, 69, 70, 70, 70, 72, 73, 73, 74, 75, 75, 76, 77, 77, 77, 78, 79, 79, 80, 81, 81, 84]]"
0.9,0.5,0.2,cumulative,1,42.42168674698795,109.0,250,0.0,"[[1, 1, 1, 2, 2, 2, 2, 3, 3, 4, 4, 4, 5, 5, 5, 6, 7, 7, 8, 9, 9, 9, 9, 10, 10, 10, 11, 11, 11, 11, 11, 11, 12, 12, 13, 13, 13, 13, 14, 14, 14, 15, 15, 15, 16, 16, 16, 17, 17, 17, 17, 18, 18, 18, 18, 18, 19, 20, 20, 20, 20, 21, 22, 22, 22, 22, 23, 23, 23, 24, 24, 24, 24, 24, 25, 25, 25, 25, 25, 26, 26, 26, 27, 27, 27, 28, 28, 28, 28, 30, 30, 30, 31, 31, 32, 32, 32, 32, 32, 33, 34, 34, 34, 34, 35, 35, 35, 35, 36, 36, 36, 37, 37, 37, 38, 38, 39, 39, 39, 39, 39, 40, 41, 41, 41, 41, 41, 42, 42, 42, 43, 43, 43, 44, 44, 44, 44, 45, 45, 46, 46, 46, 47, 47, 47, 47, 48, 48, 48, 49, 49, 49, 49, 49, 50, 50, 51, 51, 51, 51, 51, 51, 51, 51, 52, 53, 53, 53, 53, 54, 54, 55, 55, 55, 55, 56, 56, 56, 56, 57, 57, 57, 58, 58, 59, 59, 60, 60, 60, 61, 61, 62, 62, 62, 63, 64, 64, 65, 65, 66, 66, 67, 67, 67, 68, 68, 69, 70, 71, 71, 72, 73, 73, 74, 74, 74, 74, 75, 75, 76, 76, 77, 79, 79, 80, 81, 81, 82, 82, 84, 84, 84, 85, 85, 85, 87, 87, 89, 91, 93, 94, 95, 96, 99, 100, 103, 105, 106, 108]]"
0.9,0.5,0.3,cumulative,1,38.47389558232932,105.0,250,0.0,"[[0, 1, 1, 1, 1, 2, 2, 2, 2, 3, 3, 3, 3, 4, 4, 5, 5, 6, 6, 7, 7, 8, 8, 8, 9, 9, 10, 10, 10, 11, 11, 11, 11, 12, 12, 13, 13, 13, 13, 14, 14, 15, 15, 15, 15, 15, 15, 16, 16, 16, 16, 17, 17, 17, 18, 18, 18, 18, 18, 19, 19, 19, 20, 20, 20, 20, 20, 20, 20, 21, 21, 21, 22, 22, 22, 23, 23, 23, 23, 24, 25, 25, 26, 26, 26, 26, 26, 27, 27, 27, 27, 28, 28, 28, 29, 29, 29, 29, 30, 30, 30, 30, 31, 31, 31, 32, 32, 32, 32, 33, 33, 33, 33, 33, 34, 34, 34, 35, 35, 35, 35, 35, 35, 36, 36, 37, 37, 37, 38, 38, 38, 38, 38, 39, 39, 39, 39, 40, 40, 40, 40, 40, 41, 41, 41, 41, 41, 41, 42, 43, 44, 44, 44, 45, 45, 45, 46, 46, 46, 46, 46, 47, 47, 48, 48, 48, 48, 49, 49, 50, 50, 50, 50, 51, 51, 51, 52, 53, 53, 53, 53, 53, 54, 54, 54, 55, 55, 55, 55, 56, 56, 57, 57, 57, 57, 58, 58, 58, 59, 59, 59, 59, 60, 60, 60, 60, 60, 61, 62, 62, 63, 64, 64, 64, 65, 65, 67, 68, 68, 70, 70, 70, 70, 71, 71, 71, 72, 72, 73, 74, 74, 75, 79, 79, 80, 81, 82, 83, 85, 85, 87, 88, 90, 90, 92, 93, 100, 102, 104]]"
0.9,0.6,0.1,cumulative,1,36.30923694779116,91.0,250,0.0,"[[0, 1, 1, 1, 2, 2, 2, 2, 3, 3, 3, 4, 4, 4, 5, 5, 5, 5, 6, 6, 7, 8, 8, 8, 8, 9, 9, 9, 9, 9, 10, 11, 11, 11, 11, 11, 11, 12, 12, 13, 13, 13, 13, 14, 14, 14, 15, 15, 15, 15, 16, 16, 16, 16, 17, 17, 17, 18, 18, 18, 18, 18, 19, 19, 19, 19, 20, 20, 20, 21, 21, 21, 21, 22, 22, 22, 22, 23, 23, 23, 24, 24, 24, 24, 25, 25, 25, 25, 26, 26, 26, 26, 26, 27, 27, 27, 28, 28, 28, 28, 28, 29, 30, 30, 30, 30, 31, 31, 31, 31, 32, 32, 32, 33, 33, 34, 34, 34, 34, 34, 35, 35, 35, 35, 36, 36, 36, 36, 37, 37, 37, 37, 37, 37, 38, 38, 38, 39, 39, 39, 39, 39, 39, 40, 40, 40, 40, 41, 41, 41, 42, 42, 42, 42, 42, 42, 42, 43, 43, 43, 44, 44, 44, 44, 44, 44, 45, 45, 45, 45, 45, 46, 46, 46, 47, 47, 47, 48, 48, 48, 49, 49, 50, 50, 50, 50, 51, 51, 52, 52, 53, 53, 54, 54, 54, 55, 55, 55, 56, 56, 56, 56, 57, 57, 57, 57, 59, 59, 59, 61, 61, 62, 62, 62, 62, 64, 64, 64, 64, 65, 65, 65, 67, 67, 68, 68, 68, 69, 70, 71, 71, 72, 73, 73, 74, 75, 75, 75, 77, 78, 80, 80, 80, 81, 84, 85, 87, 88, 90]]"
0.9,0.6,0.2,cumulative,1,39.979757085020246,107.0,250,2.0,"[[0, 2, 2, 3, 3, 4, 4, 5, 5, 5, 5, 5, 6, 7, 7, 7, 8, 8, 8, 8, 9, 9, 9, 9, 10, 10, 10, 10, 11, 11, 11, 12, 12, 12, 12, 12, 12, 13, 13, 13, 13, 13, 14, 14, 14, 14, 15, 15, 15, 15, 16, 16, 16, 16, 17, 17, 17, 18, 18, 18, 19, 19, 19, 19, 20, 20, 20, 21, 21, 21, 21, 21, 21, 22, 22, 22, 23, 23, 23, 23, 23, 23, 24, 24, 25, 25, 26, 26, 26, 26, 26, 26, 26, 27, 27, 28, 28, 28, 29, 29, 30, 30, 30, 30, 31, 31, 31, 31, 32, 32, 32, 32, 33, 33, 34, 34, 35, 35, 36, 36, 36, 36, 37, 37, 37, 38, 38, 38, 39, 39, 39, 40, 40, 40, 41, 41, 41, 41, 42, 42, 42, 43, 43, 43, 43, 44, 44, 45, 45, 45, 45, 45, 45, 46, 46, 46, 47, 47, 47, 47, 48, 48, 48, 48, 48, 49, 49, 49, 50, 50, 51, 51, 51, 52, 52, 52, 54, 54, 55, 55, 56, 56, 56, 57, 57, 57, 57, 58, 58, 59, 59, 59, 60, 60, 60, 60, 60, 61, 62, 62, 62, 63, 65, 66, 66, 67, 68, 69, 70, 71, 71, 72, 72, 73, 74, 75, 75, 75, 76, 76, 77, 77, 77, 78, 79, 79, 80, 81, 82, 82, 82, 83, 85, 85, 87, 88, 90, 90, 91, 96, 97, 98, 100, 101, 103, 104, 106]]"
0.9,0.6,0.3,cumulative,1,35.35341365461847,92.0,250,0.0,"[[0, 0, 0, 0, 0, 1, 1, 2, 2, 2, 3, 3, 3, 3, 3, 3, 4, 4, 5, 5, 5, 6, 6, 6, 6, 7, 7, 7, 8, 8, 8, 8, 8, 8, 10, 10, 10, 11, 11, 11, 11, 12, 13, 13, 13, 14, 14, 14, 15, 15, 15, 16, 16, 16, 17, 17, 17, 17, 17, 18, 18, 19, 19, 19, 19, 19, 19, 20, 20, 20, 20, 20, 21, 21, 22, 22, 22, 22, 22, 23, 23, 23, 24, 24, 24, 25, 25, 25, 25, 26, 26, 27, 27, 27, 27, 27, 27, 27, 28, 28, 28, 28, 28, 28, 29, 29, 30, 30, 30, 30, 30, 30, 31, 31, 31, 31, 31, 32, 32, 32, 32, 32, 33, 33, 33, 33, 33, 34, 34, 34, 34, 35, 35, 35, 36, 36, 36, 36, 36, 36, 37, 37, 37, 38, 38, 38, 38, 39, 39, 39, 39, 39, 40, 40, 40, 41, 41, 41, 41, 42, 42, 42, 42, 42, 43, 43, 43, 43, 44, 44, 44, 44, 44, 45, 45, 45, 46, 47, 47, 47, 47, 48, 50, 50, 50, 51, 51, 51, 52, 52, 53, 53, 53, 54, 54, 55, 55, 55, 56, 56, 56, 57, 58, 58, 58, 59, 59, 59, 60, 60, 61, 61, 61, 61, 62, 62, 63, 64, 64, 64, 66, 66, 67, 67, 67, 68, 68, 69, 70, 70, 71, 71, 71, 73, 73, 74, 75, 76, 76, 77, 78, 79, 81, 82, 84, 85, 86, 89, 91]]"
0.85,0.4,0.1,cumulative,1,43.19277108433735,113.0,250,0.0,"[[1, 1, 1, 1, 2, 2, 3, 3, 3, 4, 4, 5, 6, 6, 7, 8, 8, 8, 9, 9, 9, 9, 10, 10, 11, 12, 12, 13, 13, 13, 14, 14, 15, 16, 16, 17, 18, 18, 18, 19, 19, 19, 19, 20, 20, 20, 20, 20, 21, 21, 21, 22, 22, 22, 22, 22, 22, 23, 24, 24, 24, 24, 24, 25, 25, 25, 25, 26, 26, 26, 26, 27, 27, 27, 27, 27, 28, 28, 28, 29, 29, 30, 30, 30, 30, 31, 31, 31, 32, 32, 32, 32, 32, 32, 33, 33, 34, 34, 34, 34, 35, 35, 35, 35, 36, 36, 37, 37, 37, 37, 37, 37, 38, 38, 38, 39, 39, 40, 40, 40, 41, 41, 41, 41, 43, 43, 43, 43, 44, 44, 45, 45, 45, 46, 46, 46, 46, 47, 47, 47, 47, 48, 48, 48, 48, 48, 49, 49, 49, 50, 50, 50, 51, 51, 51, 52, 52, 53, 53, 54, 54, 55, 55, 55, 55, 55, 56, 56, 56, 56, 56, 57, 57, 58, 58, 58, 58, 59, 59, 59, 59, 59, 59, 60, 60, 61, 61, 61, 61, 62, 62, 62, 62, 63, 63, 64, 64, 65, 65, 65, 66, 66, 67, 67, 67, 67, 68, 68, 69, 69, 69, 69, 69, 70, 70, 70, 71, 72, 72, 72, 73, 74, 75, 75, 75, 76, 76, 76, 78, 78, 78, 80, 80, 80, 82, 82, 83, 84, 85, 85, 87, 89, 89, 89, 91, 92, 93, 108, 112]]"
0.85,0.4,0.2,cumulative,1,44.971887550200805,125.0,250,0.0,"[[0, 1, 1, 1, 2, 2, 3, 3, 4, 4, 5, 5, 5, 6, 6, 6, 6, 7, 8, 8, 9, 9, 10, 10, 10, 11, 11, 11, 11, 12, 12, 12, 12, 13, 13, 13, 14, 14, 14, 15, 15, 15, 15, 15, 15, 17, 17, 17, 17, 17, 18, 18, 18, 18, 18, 20, 20, 20, 20, 21, 21, 21, 21, 21, 22, 22, 22, 23, 23, 23, 23, 23, 24, 24, 24, 24, 25, 25, 25, 26, 26, 26, 26, 26, 27, 27, 27, 28, 28, 28, 28, 29, 29, 29, 29, 30, 30, 30, 30, 31, 31, 32, 32, 32, 32, 33, 33, 33, 34, 35, 35, 35, 35, 36, 36, 37, 37, 37, 37, 38, 38, 38, 38, 38, 39, 39, 41, 41, 41, 42, 42, 43, 43, 44, 44, 44, 45, 45, 45, 46, 47, 47, 47, 48, 48, 48, 48, 48, 49, 49, 50, 50, 50, 50, 51, 52, 52, 52, 53, 53, 54, 54, 54, 54, 55, 55, 56, 56, 56, 56, 57, 57, 58, 58, 59, 59, 60, 60, 61, 61, 62, 62, 62, 62, 63, 64, 64, 65, 65, 66, 66, 66, 67, 68, 68, 68, 69, 69, 69, 70, 70, 71, 71, 72, 73, 74, 74, 76, 77, 78, 78, 80, 82, 83, 84, 84, 85, 86, 87, 88, 88, 88, 89, 90, 90, 91, 91, 93, 93, 93, 95, 95, 97, 98, 100, 102, 102, 104, 104, 107, 109, 111, 113, 113, 117, 118, 119, 122, 124]]"
0.85,0.4,0.3,cumulative,1,38.72289156626506,91.0,250,0.0,"[[0, 1, 1, 1, 1, 2, 2, 3, 3, 3, 3, 3, 4, 5, 5, 5, 6, 6, 6, 6, 7, 8, 8, 8, 8, 8, 9, 9, 9, 10, 10, 10, 11, 11, 11, 11, 12, 12, 12, 13, 13, 13, 13, 14, 14, 14, 14, 15, 15, 16, 16, 17, 17, 17, 17, 17, 18, 18, 19, 19, 19, 19, 19, 19, 20, 20, 20, 20, 20, 21, 21, 21, 22, 22, 22, 23, 23, 23, 23, 23, 24, 24, 25, 25, 25, 25, 25, 26, 26, 26, 26, 26, 27, 27, 28, 28, 28, 28, 28, 29, 29, 30, 30, 30, 30, 31, 31, 31, 31, 32, 32, 32, 33, 34, 34, 34, 34, 34, 35, 35, 35, 36, 36, 37, 37, 37, 38, 38, 38, 39, 39, 39, 39, 40, 40, 41, 41, 41, 42, 42, 43, 43, 43, 43, 44, 44, 45, 45, 45, 45, 45, 46, 46, 46, 47, 47, 47, 48, 48, 48, 49, 49, 50, 50, 50, 51, 51, 52, 52, 52, 52, 53, 54, 54, 54, 55, 55, 56, 56, 56, 56, 57, 57, 58, 58, 58, 59, 59, 59, 60, 60, 60, 60, 61, 61, 62, 62, 62, 63, 63, 63, 63, 63, 64, 64, 64, 65, 65, 65, 66, 66, 66, 66, 67, 67, 67, 68, 68, 69, 69, 69, 70, 70, 70, 70, 71, 71, 72, 72, 72, 72, 73, 74, 74, 76, 77, 77, 78, 78, 79, 80, 81, 82, 83, 85, 87, 89, 89, 90]]"
0.85,0.5,0.1,cumulative,1,44.373493975903614,116.0,250,0.0,"[[1, 2, 2, 2, 2, 3, 3, 3, 5, 5, 6, 7, 7, 7, 8, 9, 9, 9, 10, 10, 11, 11, 12, 12, 12, 13, 13, 13, 14, 14, 14, 15, 15, 15, 15, 15, 16, 17, 17, 17, 17, 18, 18, 18, 19, 19, 20, 20, 20, 20, 21, 21, 21, 22, 22, 22, 22, 22, 22, 23, 23, 23, 23, 24, 24, 24, 24, 24, 24, 24, 25, 25, 25, 26, 26, 26, 27, 27, 28, 28, 28, 28, 29, 30, 30, 30, 30, 30, 31, 32, 32, 32, 33, 33, 34, 34, 34, 35, 35, 35, 35, 36, 36, 36, 37, 37, 37, 38, 38, 38, 38, 39, 39, 39, 40, 40, 40, 40, 41, 41, 41, 42, 42, 42, 42, 42, 43, 43, 43, 43, 44, 44, 44, 45, 45, 45, 46, 46, 46, 46, 47, 47, 48, 48, 49, 49, 49, 50, 50, 50, 50, 51, 51, 52, 52, 52, 52, 52, 53, 54, 54, 54, 55, 55, 55, 56, 56, 56, 56, 57, 57, 57, 58, 58, 58, 58, 58, 58, 58, 59, 59, 59, 59, 60, 60, 60, 60, 61, 61, 61, 62, 63, 63, 64, 64, 65, 65, 65, 66, 66, 66, 66, 66, 67, 68, 69, 70, 70, 71, 71, 71, 71, 72, 72, 73, 75, 75, 75, 76, 76, 77, 78, 79, 80, 80, 81, 82, 82, 83, 84, 87, 88, 88, 89, 91, 92, 93, 94, 96, 97, 100, 100, 102, 102, 107, 108, 109, 111, 115]]"
0.85,0.5,0.2,cumulative,1,38.963855421686745,98.0,250,0.0,"[[1, 2, 2, 3, 3, 3, 4, 4, 4, 5, 6, 6, 6, 6, 7, 7, 7, 7, 7, 9, 9, 9, 9, 9, 9, 10, 10, 10, 11, 11, 11, 11, 11, 11, 12, 12, 12, 12, 13, 14, 14, 14, 15, 15, 16, 16, 16, 17, 17, 17, 18, 18, 19, 19, 19, 19, 19, 20, 20, 20, 20, 20, 20, 21, 21, 21, 22, 22, 22, 22, 23, 23, 23, 23, 24, 25, 25, 25, 25, 25, 25, 25, 26, 26, 27, 27, 27, 28, 29, 29, 29, 29, 30, 30, 31, 31, 31, 31, 31, 32, 32, 32, 33, 33, 33, 33, 33, 34, 34, 34, 35, 35, 35, 35, 35, 36, 36, 36, 36, 36, 37, 37, 38, 38, 38, 38, 39, 40, 40, 40, 40, 41, 41, 41, 42, 42, 42, 42, 42, 43, 43, 43, 43, 44, 44, 44, 44, 44, 44, 45, 45, 45, 46, 46, 46, 46, 46, 47, 47, 47, 48, 48, 49, 49, 49, 50, 50, 50, 50, 50, 51, 51, 52, 52, 52, 52, 53, 53, 53, 54, 54, 54, 54, 54, 54, 54, 55, 55, 55, 56, 56, 57, 57, 57, 57, 58, 59, 59, 59, 59, 60, 60, 60, 61, 61, 61, 61, 61, 62, 62, 63, 63, 64, 64, 64, 64, 64, 65, 66, 66, 66, 67, 67, 67, 68, 68, 70, 71, 71, 72, 73, 73, 74, 74, 74, 76, 77, 79, 79, 79, 79, 83, 83, 85, 86, 91, 92, 95, 97]]"
0.85,0.5,0.3,cumulative,1,38.65725806451613,113.0,250,1.0,"[[1, 1, 1, 1, 1, 2, 2, 2, 3, 3, 3, 3, 3, 4, 5, 5, 5, 6, 6, 6, 6, 7, 7, 7, 7, 7, 7, 7, 8, 8, 9, 9, 9, 9, 9, 10, 10, 11, 11, 11, 12, 12, 12, 12, 12, 12, 12, 13, 13, 13, 14, 14, 14, 14, 15, 15, 15, 15, 15, 15, 16, 17, 17, 17, 17, 18, 18, 18, 19, 19, 19, 19, 19, 19, 20, 20, 21, 21, 22, 23, 23, 24, 24, 24, 24, 24, 25, 26, 26, 26, 27, 27, 27, 27, 28, 28, 29, 29, 29, 30, 30, 30, 31, 31, 32, 32, 32, 32, 34, 34, 34, 34, 34, 34, 35, 35, 35, 35, 36, 36, 36, 36, 37, 37, 37, 37, 37, 38, 38, 39, 39, 39, 39, 40, 40, 40, 40, 41, 41, 41, 41, 42, 42, 42, 43, 43, 44, 44, 44, 44, 44, 45, 45, 45, 46, 46, 47, 47, 47, 47, 48, 48, 48, 48, 48, 49, 49, 49, 49, 50, 50, 50, 50, 51, 51, 52, 52, 52, 53, 53, 53, 54, 54, 54, 54, 55, 55, 55, 56, 56, 56, 57, 57, 57, 57, 58, 58, 58, 59, 59, 60, 60, 60, 61, 61, 62, 62, 63, 63, 63, 64, 64, 65, 65, 65, 66, 66, 66, 67, 68, 68, 69, 70, 72, 72, 74, 75, 77, 78, 79, 81, 82, 84, 87, 87, 90, 91, 93, 96, 97, 98, 101, 103, 105, 106, 106, 108, 112]]"
0.85,0.6,0.1,cumulative,1,38.08032128514056,101.0,250,0.0,"[[0, 1, 1, 2, 2, 3, 3, 4, 5, 5, 6, 6, 7, 7, 7, 8, 8, 8, 9, 9, 9, 10, 10, 10, 11, 11, 11, 11, 11, 12, 12, 12, 12, 12, 12, 13, 13, 13, 13, 13, 14, 14, 14, 14, 14, 15, 15, 15, 16, 16, 16, 16, 17, 17, 17, 17, 17, 17, 18, 18, 18, 18, 18, 19, 19, 19, 19, 19, 20, 20, 20, 20, 20, 20, 21, 21, 21, 21, 22, 22, 22, 22, 22, 23, 23, 24, 24, 24, 24, 24, 25, 25, 26, 26, 26, 27, 27, 27, 28, 28, 29, 29, 29, 30, 30, 30, 30, 31, 31, 31, 31, 32, 32, 33, 33, 33, 34, 34, 34, 35, 35, 35, 35, 35, 36, 36, 36, 36, 37, 37, 38, 38, 39, 39, 39, 40, 41, 41, 42, 42, 42, 43, 43, 43, 43, 43, 44, 44, 44, 44, 44, 44, 44, 44, 45, 45, 45, 46, 46, 46, 46, 46, 46, 47, 47, 47, 48, 48, 48, 49, 49, 49, 49, 49, 50, 50, 51, 51, 51, 51, 52, 52, 52, 53, 53, 53, 54, 54, 54, 55, 55, 55, 56, 56, 57, 57, 57, 57, 57, 57, 58, 59, 59, 59, 59, 59, 60, 60, 60, 61, 61, 62, 62, 63, 63, 64, 66, 68, 68, 69, 69, 69, 71, 71, 71, 72, 73, 75, 76, 77, 78, 78, 79, 79, 80, 81, 81, 82, 83, 84, 85, 87, 88, 91, 92, 93, 97, 99, 100]]"
0.85,0.6,0.2,cumulative,1,38.6869918699187,94.0,250,3.0,"[[0, 0, 1, 1, 1, 1, 1, 2, 2, 3, 4, 4, 4, 5, 5, 5, 6, 6, 6, 7, 7, 7, 7, 8, 8, 8, 8, 9, 9, 9, 10, 10, 10, 10, 11, 11, 11, 11, 12, 12, 12, 12, 13, 13, 13, 13, 14, 14, 14, 14, 15, 15, 15, 15, 16, 16, 17, 17, 17, 17, 17, 17, 18, 18, 19, 20, 20, 20, 21, 21, 22, 23, 23, 23, 24, 24, 24, 24, 24, 24, 25, 25, 25, 25, 26, 26, 26, 26, 27, 27, 28, 28, 28, 28, 29, 29, 29, 30, 30, 30, 31, 32, 32, 32, 32, 32, 33, 33, 34, 34, 34, 35, 35, 36, 36, 37, 37, 37, 38, 38, 38, 38, 38, 39, 40, 40, 40, 40, 40, 40, 41, 41, 41, 41, 41, 41, 42, 43, 43, 43, 43, 43, 44, 44, 44, 44, 44, 45, 45, 45, 46, 46, 46, 47, 47, 48, 48, 48, 49, 49, 49, 49, 50, 50, 51, 52, 52, 52, 53, 53, 53, 53, 53, 54, 54, 54, 54, 55, 55, 55, 56, 56, 56, 56, 57, 57, 58, 58, 58, 58, 59, 59, 59, 59, 59, 60, 60, 61, 61, 62, 62, 62, 62, 63, 63, 63, 63, 64, 64, 64, 65, 66, 67, 67, 68, 68, 69, 69, 69, 70, 70, 70, 71, 71, 72, 72, 73, 73, 74, 74, 75, 77, 77, 78, 80, 81, 81, 82, 84, 85, 86, 88, 89, 91, 92, 93]]"
0.85,0.6,0.3,cumulative,1,43.00806451612903,100.0,250,1.0,"[[0, 0, 1, 1, 2, 3, 3, 3, 3, 3, 4, 4, 4, 4, 5, 6, 7, 7, 8, 8, 8, 9, 9, 10, 11, 11, 11, 11, 12, 12, 12, 13, 13, 13, 13, 14, 14, 14, 15, 15, 15, 15, 16, 16, 17, 17, 17, 18, 18, 18, 20, 20, 20, 20, 21, 21, 21, 22, 22, 22, 22, 23, 23, 24, 24, 24, 25, 25, 25, 25, 26, 26, 26, 27, 27, 27, 27, 28, 28, 29, 30, 30, 30, 30, 31, 31, 32, 32, 32, 33, 33, 34, 34, 34, 34, 35, 35, 35, 35, 36, 36, 36, 36, 37, 37, 37, 37, 38, 38, 39, 39, 39, 40, 40, 41, 41, 41, 41, 42, 42, 42, 42, 43, 43, 43, 44, 44, 44, 44, 45, 45, 45, 46, 46, 46, 46, 47, 47, 47, 47, 47, 47, 48, 48, 48, 48, 49, 49, 49, 50, 50, 50, 50, 50, 51, 51, 51, 51, 51, 51, 52, 53, 53, 53, 53, 53, 53, 54, 54, 55, 55, 55, 55, 56, 56, 57, 57, 57, 57, 58, 58, 59, 59, 60, 60, 60, 60, 60, 61, 62, 63, 63, 63, 63, 64, 64, 64, 65, 65, 65, 66, 66, 66, 66, 66, 68, 68, 69, 70, 71, 71, 71, 72, 72, 72, 72, 73, 74, 74, 74, 75, 76, 77, 77, 78, 78, 79, 81, 81, 82, 82, 84, 85, 85, 87, 87, 88, 89, 90, 91, 91, 92, 93, 94, 95, 96, 98, 99]]"
